"eta","N","MAD","RMSE","labels","num.leaves"
0,1,509.783251231527,535.114971993152,"numCrashes < 387.5, propMentions < 0.0226573199, numCrashes < 604.5, Leaf, numCrashes < 245.5, propMentions < 0.0206043962, numCrashes < 681.5, Leaf, Leaf, Leaf, Leaf, Leaf, Leaf",7
0,2,509.783251231527,535.114971993152,"numCrashes < 387.5, propMentions < 0.0226573199, numCrashes < 604.5, Leaf, numCrashes < 245.5, propMentions < 0.0206043962, numCrashes < 681.5, Leaf, Leaf, Leaf, Leaf, Leaf, Leaf",7
0,3,509.783251231527,535.114971993152,"numCrashes < 387.5, propMentions < 0.0226573199, numCrashes < 604.5, Leaf, numCrashes < 245.5, propMentions < 0.0206043962, numCrashes < 681.5, Leaf, Leaf, Leaf, Leaf, Leaf, Leaf",7
0,4,509.783251231527,535.114971993152,"numCrashes < 387.5, propMentions < 0.0226573199, numCrashes < 604.5, Leaf, numCrashes < 245.5, propMentions < 0.0206043962, numCrashes < 681.5, Leaf, Leaf, Leaf, Leaf, Leaf, Leaf",7
0,5,509.783251231527,535.114971993152,"numCrashes < 387.5, propMentions < 0.0226573199, numCrashes < 604.5, Leaf, numCrashes < 245.5, propMentions < 0.0206043962, numCrashes < 681.5, Leaf, Leaf, Leaf, Leaf, Leaf, Leaf",7
0,6,509.783251231527,535.114971993152,"numCrashes < 387.5, propMentions < 0.0226573199, numCrashes < 604.5, Leaf, numCrashes < 245.5, propMentions < 0.0206043962, numCrashes < 681.5, Leaf, Leaf, Leaf, Leaf, Leaf, Leaf",7
0,7,509.783251231527,535.114971993152,"numCrashes < 387.5, propMentions < 0.0226573199, numCrashes < 604.5, Leaf, numCrashes < 245.5, propMentions < 0.0206043962, numCrashes < 681.5, Leaf, Leaf, Leaf, Leaf, Leaf, Leaf",7
0,8,509.783251231527,535.114971993152,"numCrashes < 387.5, propMentions < 0.0226573199, numCrashes < 604.5, Leaf, numCrashes < 245.5, propMentions < 0.0206043962, numCrashes < 681.5, Leaf, Leaf, Leaf, Leaf, Leaf, Leaf",7
0,9,509.783251231527,535.114971993152,"numCrashes < 387.5, propMentions < 0.0226573199, numCrashes < 604.5, Leaf, numCrashes < 245.5, propMentions < 0.0206043962, numCrashes < 681.5, Leaf, Leaf, Leaf, Leaf, Leaf, Leaf",7
0,10,509.783251231527,535.114971993152,"numCrashes < 387.5, propMentions < 0.0226573199, numCrashes < 604.5, Leaf, numCrashes < 245.5, propMentions < 0.0206043962, numCrashes < 681.5, Leaf, Leaf, Leaf, Leaf, Leaf, Leaf",7
0,11,509.783251231527,535.114971993152,"numCrashes < 387.5, propMentions < 0.0226573199, numCrashes < 604.5, Leaf, numCrashes < 245.5, propMentions < 0.0206043962, numCrashes < 681.5, Leaf, Leaf, Leaf, Leaf, Leaf, Leaf",7
0,12,509.783251231527,535.114971993152,"numCrashes < 387.5, propMentions < 0.0226573199, numCrashes < 604.5, Leaf, numCrashes < 245.5, propMentions < 0.0206043962, numCrashes < 681.5, Leaf, Leaf, Leaf, Leaf, Leaf, Leaf",7
0,13,509.783251231527,535.114971993152,"numCrashes < 387.5, propMentions < 0.0226573199, numCrashes < 604.5, Leaf, numCrashes < 245.5, propMentions < 0.0206043962, numCrashes < 681.5, Leaf, Leaf, Leaf, Leaf, Leaf, Leaf",7
0,14,509.783251231527,535.114971993152,"numCrashes < 387.5, propMentions < 0.0226573199, numCrashes < 604.5, Leaf, numCrashes < 245.5, propMentions < 0.0206043962, numCrashes < 681.5, Leaf, Leaf, Leaf, Leaf, Leaf, Leaf",7
0,15,509.783251231527,535.114971993152,"numCrashes < 387.5, propMentions < 0.0226573199, numCrashes < 604.5, Leaf, numCrashes < 245.5, propMentions < 0.0206043962, numCrashes < 681.5, Leaf, Leaf, Leaf, Leaf, Leaf, Leaf",7
0,16,509.783251231527,535.114971993152,"numCrashes < 387.5, propMentions < 0.0226573199, numCrashes < 604.5, Leaf, numCrashes < 245.5, propMentions < 0.0206043962, numCrashes < 681.5, Leaf, Leaf, Leaf, Leaf, Leaf, Leaf",7
0,17,509.783251231527,535.114971993152,"numCrashes < 387.5, propMentions < 0.0226573199, numCrashes < 604.5, Leaf, numCrashes < 245.5, propMentions < 0.0206043962, numCrashes < 681.5, Leaf, Leaf, Leaf, Leaf, Leaf, Leaf",7
0,18,509.783251231527,535.114971993152,"numCrashes < 387.5, propMentions < 0.0226573199, numCrashes < 604.5, Leaf, numCrashes < 245.5, propMentions < 0.0206043962, numCrashes < 681.5, Leaf, Leaf, Leaf, Leaf, Leaf, Leaf",7
0,19,509.783251231527,535.114971993152,"numCrashes < 387.5, propMentions < 0.0226573199, numCrashes < 604.5, Leaf, numCrashes < 245.5, propMentions < 0.0206043962, numCrashes < 681.5, Leaf, Leaf, Leaf, Leaf, Leaf, Leaf",7
0,20,509.783251231527,535.114971993152,"numCrashes < 387.5, propMentions < 0.0226573199, numCrashes < 604.5, Leaf, numCrashes < 245.5, propMentions < 0.0206043962, numCrashes < 681.5, Leaf, Leaf, Leaf, Leaf, Leaf, Leaf",7
0.05,1,484.65022004649,509.263596348899,"numCrashes < 387.5, propMentions < 0.0226573199, numCrashes < 604.5, Leaf, numCrashes < 245.5, propMentions < 0.0206043962, numCrashes < 681.5, Leaf, Leaf, Leaf, Leaf, Leaf, Leaf",7
0.05,2,460.771275557908,484.731391555517,"numCrashes < 387.5, propMentions < 0.0226573199, numCrashes < 604.5, Leaf, numCrashes < 245.5, propMentions < 0.0206043962, numCrashes < 681.5, Leaf, Leaf, Leaf, Leaf, Leaf, Leaf",7
0.05,3,438.022585168848,461.407983904035,"numCrashes < 391.5, propMentions < 0.0226573199, numCrashes < 605.5, Leaf, numCrashes < 227.5, numCrashes < 527.5, numCrashes < 681.5, Leaf, Leaf, Leaf, Leaf, Leaf, Leaf",7
0.05,4,416.468396680108,439.323183217098,"numCrashes < 387.5, propMentions < 0.0226573199, numCrashes < 604.5, Leaf, numCrashes < 245.5, propMentions < 0.0206043962, numCrashes < 681.5, Leaf, Leaf, Leaf, Leaf, Leaf, Leaf",7
0.05,5,395.938155940014,418.340836497572,"numCrashes < 391.5, propMentions < 0.0226573199, numCrashes < 605.5, Leaf, numCrashes < 227.5, numCrashes < 525.5, snow < 7.5, Leaf, Leaf, Leaf, Leaf, Leaf, Leaf",7
0.05,6,376.522544992381,398.487887119119,"numCrashes < 372.5, numCrashes < 284.5, numCrashes < 604.5, propMentions < 0.306656003, propMentions < 0.0226573199, propMentions < 0.0206043962, numCrashes < 681.5, Leaf, Leaf, Leaf, Leaf, Leaf, Leaf, Leaf, Leaf",8
0.05,7,358.080753702248,379.655468643211,"numCrashes < 372.5, numCrashes < 285.5, numCrashes < 604.5, propMentions < 0.292071104, propMentions < 0.0226573199, propMentions < 0.0206043962, snow < 0.0500000007, Leaf, Leaf, Leaf, Leaf, Leaf, Leaf, Leaf, Leaf",8
0.05,8,340.492464394405,361.758336896976,"numCrashes < 391.5, propMentions < 0.0226573199, numCrashes < 605.5, Leaf, numCrashes < 251.5, numCrashes < 527.5, numCrashes < 681.5, Leaf, Leaf, Leaf, Leaf, Leaf, Leaf",7
0.05,9,323.828871872625,344.823614592381,"numCrashes < 372.5, numCrashes < 285.5, numCrashes < 605.5, propMentions < 0.306656003, propMentions < 0.0226573199, propMentions < 0.0206043962, snow < 0.0500000007, Leaf, Leaf, Leaf, Leaf, Leaf, Leaf, Leaf, Leaf",8
0.05,10,308.034390510597,328.798886519845,"numCrashes < 372.5, numCrashes < 284.5, numCrashes < 604.5, numCrashes < 161, propMentions < 0.0226573199, propMentions < 0.023392614, numCrashes < 681.5, Leaf, Leaf, Leaf, Leaf, Leaf, Leaf, Leaf, Leaf",8
0.05,11,292.989842250429,313.596963968195,"numCrashes < 372.5, numCrashes < 227.5, numCrashes < 604.5, numCrashes < 161, propMentions < 0.0226573199, propMentions < 0.0206043962, numCrashes < 654.5, Leaf, Leaf, Leaf, Leaf, Leaf, Leaf, Leaf, Leaf",8
0.05,12,278.683308136287,299.171520422801,"numCrashes < 391.5, numCrashes < 306.5, numCrashes < 605.5, numCrashes < 199, propMentions < 0.0117958589, numCrashes < 524.5, snow < 0.0500000007, Leaf, Leaf, Leaf, Leaf, Leaf, Leaf, Leaf, Leaf",8
0.05,13,265.188766930491,285.546946789585,"numCrashes < 372.5, numCrashes < 267.5, numCrashes < 604.5, propMentions < 0.292071104, propMentions < 0.0226573199, propMentions < 0.0206043962, numCrashes < 681.5, Leaf, Leaf, Leaf, Leaf, Leaf, Leaf, Leaf, Leaf",8
0.05,14,252.333822203387,272.613852012026,"numCrashes < 391.5, numCrashes < 315.5, numCrashes < 605.5, numCrashes < 191.5, propMentions < 0.0117958589, numCrashes < 497.5, snow < 0.0500000007, Leaf, Leaf, Leaf, Leaf, Leaf, Leaf, Leaf, Leaf",8
0.05,15,240.155908687949,260.378750401606,"numCrashes < 372.5, numCrashes < 285.5, numCrashes < 531.5, propMentions < 0.292071104, propMentions < 0.0226573199, propMentions < 0.0339429528, numCrashes < 654.5, Leaf, Leaf, Leaf, Leaf, Leaf, Leaf, Leaf, Leaf",8
0.05,16,228.592463526232,248.807715108932,"numCrashes < 372.5, numCrashes < 285.5, numCrashes < 531.5, numCrashes < 161, propMentions < 0.0226573199, propMentions < 0.0339429528, numCrashes < 654.5, Leaf, Leaf, Leaf, Leaf, Leaf, Leaf, Leaf, Leaf",8
0.05,17,217.560131787079,237.827690849366,"numCrashes < 369.5, numCrashes < 240.5, numCrashes < 531.5, numCrashes < 161, propMentions < 0.0226573199, propMentions < 0.0731968433, numCrashes < 654.5, Leaf, Leaf, Leaf, Leaf, Leaf, Leaf, Leaf, Leaf",8
0.05,18,207.025870224525,227.402457974282,"numCrashes < 403.5, numCrashes < 315.5, numCrashes < 625.5, propMentions < 0.306656003, propMentions < 0.0117958589, numCrashes < 527.5, propMentions < 0.0261221845, Leaf, Leaf, Leaf, Leaf, Leaf, Leaf, Leaf, Leaf",8
0.05,19,197.085203988212,217.611447602361,"numCrashes < 369.5, numCrashes < 267.5, numCrashes < 604.5, numCrashes < 161, propMentions < 0.0226573199, propMentions < 0.0206043962, snow < 0.0500000007, Leaf, Leaf, Leaf, Leaf, Leaf, Leaf, Leaf, Leaf",8
0.05,20,187.631155812682,208.325403834788,"numCrashes < 403.5, numCrashes < 315.5, numCrashes < 629.5, numCrashes < 199, propMentions < 0.0117958589, numCrashes < 520.5, propMentions < 0.0261221845, Leaf, Leaf, Leaf, Leaf, Leaf, Leaf, Leaf, Leaf",8
0.1,1,459.517188861452,483.443707119196,"numCrashes < 387.5, propMentions < 0.0226573199, numCrashes < 604.5, Leaf, numCrashes < 245.5, propMentions < 0.0206043962, numCrashes < 681.5, Leaf, Leaf, Leaf, Leaf, Leaf, Leaf",7
0.1,2,414.145211609714,436.963531796464,"numCrashes < 391.5, propMentions < 0.0226573199, numCrashes < 605.5, Leaf, numCrashes < 227.5, numCrashes < 527.5, numCrashes < 681.5, Leaf, Leaf, Leaf, Leaf, Leaf, Leaf",7
0.1,3,373.500847858748,395.381276357409,"numCrashes < 372.5, numCrashes < 284.5, numCrashes < 604.5, propMentions < 0.306656003, propMentions < 0.0226573199, propMentions < 0.0206043962, numCrashes < 681.5, Leaf, Leaf, Leaf, Leaf, Leaf, Leaf, Leaf, Leaf",8
0.1,4,336.781968553665,357.990922111525,"numCrashes < 390, propMentions < 0.0226573199, numCrashes < 605.5, Leaf, numCrashes < 245.5, numCrashes < 525.5, snow < 0.0500000007, Leaf, Leaf, Leaf, Leaf, Leaf, Leaf",7
0.1,5,303.875408116233,324.588029087286,"numCrashes < 372.5, numCrashes < 285.5, numCrashes < 604.5, propMentions < 0.292071104, propMentions < 0.0226573199, propMentions < 0.0206043962, numCrashes < 681.5, Leaf, Leaf, Leaf, Leaf, Leaf, Leaf, Leaf, Leaf",8
0.1,6,274.271657408165,294.692338784881,"numCrashes < 372.5, numCrashes < 267.5, numCrashes < 604.5, numCrashes < 161, propMentions < 0.0226573199, propMentions < 0.023392614, snow < 0.0500000007, Leaf, Leaf, Leaf, Leaf, Leaf, Leaf, Leaf, Leaf",8
0.1,7,247.720264397231,267.947802405446,"numCrashes < 391.5, numCrashes < 310.5, numCrashes < 605.5, numCrashes < 199, propMentions < 0.0117958589, numCrashes < 497.5, numCrashes < 654.5, Leaf, Leaf, Leaf, Leaf, Leaf, Leaf, Leaf, Leaf",8
0.1,8,223.844807497974,244.048018626258,"numCrashes < 372.5, numCrashes < 285.5, numCrashes < 531.5, numCrashes < 161, propMentions < 0.0226573199, propMentions < 0.0339429528, numCrashes < 654.5, Leaf, Leaf, Leaf, Leaf, Leaf, Leaf, Leaf, Leaf",8
0.1,9,202.225992494029,222.672603018032,"numCrashes < 369.5, numCrashes < 227.5, numCrashes < 605.5, numCrashes < 161, propMentions < 0.0226573199, propMentions < 0.0206043962, snow < 0.0500000007, Leaf, Leaf, Leaf, Leaf, Leaf, Leaf, Leaf, Leaf",8
0.1,10,182.744201566198,203.559517673384,"numCrashes < 403.5, numCrashes < 315.5, numCrashes < 629.5, propMentions < 0.306656003, propMentions < 0.0117958589, numCrashes < 531.5, propMentions < 0.0261221845, Leaf, Leaf, Leaf, Leaf, Leaf, Leaf, Leaf, Leaf",8
0.1,11,165.39548030158,186.639238289132,"numCrashes < 403.5, numCrashes < 315.5, numCrashes < 629.5, numCrashes < 191.5, propMentions < 0.0117958589, numCrashes < 520.5, propMentions < 0.0261221845, Leaf, Leaf, Leaf, Leaf, Leaf, Leaf, Leaf, Leaf",8
0.1,12,150.046117190657,171.759402784638,"numCrashes < 369.5, numCrashes < 251.5, numCrashes < 567.5, numCrashes < 161, propMentions < 0.172252744, propMentions < 0.0199710466, numCrashes < 681.5, Leaf, Leaf, Leaf, Leaf, Leaf, Leaf, Leaf, Leaf",8
0.1,13,136.45486598649,158.621945560448,"numCrashes < 403.5, numCrashes < 306.5, numCrashes < 638.5, propMentions < 0.292071104, propMentions < 0.0117958589, propMentions < 0.0147442399, snow < 0.0500000007, Leaf, Leaf, Leaf, Leaf, Leaf, Leaf, Leaf, Leaf",8
0.1,14,124.620973953473,147.037155069093,"numCrashes < 359.5, numCrashes < 240.5, numCrashes < 531.5, numCrashes < 161, propMentions < 0.171444118, propMentions < 0.0339429528, numCrashes < 681.5, Leaf, Leaf, Leaf, Leaf, Leaf, Leaf, Leaf, Leaf",8
0.1,15,114.454192776985,136.866343290513,"numCrashes < 359.5, numCrashes < 257.5, numCrashes < 531.5, propMentions < 0.306656003, propMentions < 0.174912587, propMentions < 0.0339429528, numCrashes < 681.5, Leaf, Leaf, Leaf, Leaf, Leaf, Leaf, Leaf, Leaf",8
0.1,16,105.491916337037,127.873800894559,"numCrashes < 403.5, propMentions < 0.0623234436, numCrashes < 625.5, precip < 0.234999999, numCrashes < 306.5, numCrashes < 490.5, snow < 0.0500000007, Leaf, Leaf, Leaf, Leaf, Leaf, Leaf, Leaf, Leaf",8
0.1,17,97.8742151871103,120.143352414804,"propMentions < 0.0265460033, numCrashes < 654.5, numCrashes < 341.5, precip < 0.420000017, wind < 17.5600014, numCrashes < 211, precip < 0.305000007, Leaf, Leaf, Leaf, Leaf, Leaf, Leaf, Leaf, Leaf",8
0.1,18,91.3745573823675,113.422900578625,"propMentions < 0.0265460033, numCrashes < 681.5, numCrashes < 341.5, numCrashes < 520.5, snow < 6.75, numCrashes < 161, precip < 0.305000007, Leaf, Leaf, Leaf, Leaf, Leaf, Leaf, Leaf, Leaf",8
0.1,19,85.8227897230628,107.633489316981,"propMentions < 0.0265460033, numCrashes < 654.5, numCrashes < 343.5, precip < 0.625, wind < 17.5600014, numCrashes < 227.5, numCrashes < 684, Leaf, Leaf, Leaf, Leaf, Leaf, Leaf, Leaf, Leaf",8
0.1,20,81.2287819773106,102.79364959419,"numCrashes < 403.5, numCrashes < 285.5, numCrashes < 801, propMentions < 0.286692768, snow < 0.25, numCrashes < 497.5, snow < 6.75, Leaf, Leaf, Leaf, Leaf, Leaf, Leaf, Leaf, Leaf",8
0.15,1,434.384156823746,457.6606327679,"numCrashes < 387.5, propMentions < 0.0226573199, numCrashes < 604.5, Leaf, numCrashes < 245.5, propMentions < 0.0206043962, numCrashes < 681.5, Leaf, Leaf, Leaf, Leaf, Leaf, Leaf",7
0.15,2,370.095598436929,391.968103953234,"numCrashes < 391.5, propMentions < 0.0226573199, numCrashes < 605.5, Leaf, numCrashes < 227.5, numCrashes < 527.5, numCrashes < 681.5, Leaf, Leaf, Leaf, Leaf, Leaf, Leaf",7
0.15,3,315.666603389045,336.564195462682,"numCrashes < 372.5, numCrashes < 284.5, numCrashes < 604.5, propMentions < 0.306656003, propMentions < 0.0226573199, propMentions < 0.0206043962, snow < 0.0500000007, Leaf, Leaf, Leaf, Leaf, Leaf, Leaf, Leaf, Leaf",8
0.15,4,269.520597598823,289.926760310362,"numCrashes < 372.5, numCrashes < 285.5, numCrashes < 605.5, numCrashes < 161, propMentions < 0.0226573199, propMentions < 0.023392614, numCrashes < 681.5, Leaf, Leaf, Leaf, Leaf, Leaf, Leaf, Leaf, Leaf",8
0.15,5,230.287506667264,250.541025175587,"numCrashes < 391.5, numCrashes < 315.5, numCrashes < 605.5, numCrashes < 199, propMentions < 0.0117958589, numCrashes < 524.5, snow < 0.0500000007, Leaf, Leaf, Leaf, Leaf, Leaf, Leaf, Leaf, Leaf",8
0.15,6,196.956483249007,217.532933231213,"numCrashes < 372.5, numCrashes < 251.5, numCrashes < 531.5, propMentions < 0.306656003, propMentions < 0.0226573199, propMentions < 0.0339429528, numCrashes < 654.5, Leaf, Leaf, Leaf, Leaf, Leaf, Leaf, Leaf, Leaf",8
0.15,7,168.716408189294,189.878177048646,"numCrashes < 369.5, numCrashes < 267.5, numCrashes < 629.5, numCrashes < 161, propMentions < 0.0623234436, propMentions < 0.0206043962, propMentions < 0.0261221845, Leaf, Leaf, Leaf, Leaf, Leaf, Leaf, Leaf, Leaf",8
0.15,8,145.283029434129,167.143286863595,"numCrashes < 403.5, numCrashes < 306.5, numCrashes < 567.5, propMentions < 0.292071104, propMentions < 0.0117958589, propMentions < 0.0147090629, numCrashes < 681.5, Leaf, Leaf, Leaf, Leaf, Leaf, Leaf, Leaf, Leaf",8
0.15,9,126.026854792252,148.344884706882,"numCrashes < 359.5, numCrashes < 240.5, numCrashes < 531.5, numCrashes < 161, propMentions < 0.171444118, propMentions < 0.0339429528, numCrashes < 654.5, Leaf, Leaf, Leaf, Leaf, Leaf, Leaf, Leaf, Leaf",8
0.15,10,110.545585519575,132.885858775347,"numCrashes < 403.5, numCrashes < 315.5, numCrashes < 625.5, propMentions < 0.279513896, snow < 4.44999981, numCrashes < 497.5, snow < 0.0500000007, Leaf, Leaf, Leaf, Leaf, Leaf, Leaf, Leaf, Leaf",8
0.15,11,98.2342535498107,120.472371581926,"numCrashes < 359.5, numCrashes < 253.5, propMentions < 0.0185974203, numCrashes < 161, propMentions < 0.171444118, numCrashes < 654.5, numCrashes < 491.5, Leaf, Leaf, Leaf, Leaf, Leaf, Leaf, Leaf, Leaf",8
0.15,12,88.4508587503668,110.433635439197,"propMentions < 0.0265460033, numCrashes < 681.5, numCrashes < 341.5, numCrashes < 520.5, wind < 18.0100002, numCrashes < 191.5, numCrashes < 684, Leaf, Leaf, Leaf, Leaf, Leaf, Leaf, Leaf, Leaf",8
0.15,13,81.0379701811692,102.676532487704,"numCrashes < 403.5, propMentions < 0.119322032, numCrashes < 497.5, snow < 0.0500000007, numCrashes < 306.5, wind < 15.9950008, numCrashes < 801, Leaf, Leaf, Leaf, Leaf, Leaf, Leaf, Leaf, Leaf",8
0.15,14,75.505727495466,96.4032961088833,"propMentions < 0.0265460033, numCrashes < 629.5, numCrashes < 343.5, precip < 0.245000005, snow < 6.75, numCrashes < 161, numCrashes < 684, Leaf, Leaf, Leaf, Leaf, Leaf, Leaf, Leaf, Leaf",8
0.15,15,71.5266597729011,91.6034015361192,"propMentions < 0.0265460033, numCrashes < 681.5, numCrashes < 330.5, propMentions < 0.004454365, wind < 18.0100002, propMentions < 0.273409396, precip < 0.479999989, Leaf, Leaf, Leaf, Leaf, Leaf, Leaf, Leaf, Leaf",8
0.15,16,68.6134630400559,87.9797946725192,"propMentions < 0.0230782889, numCrashes < 801, numCrashes < 491.5, snow < 5.30000019, snow < 6.75, numCrashes < 267.5, numCrashes < 671.5, Leaf, Leaf, Leaf, Leaf, Leaf, Leaf, Leaf, Leaf",8
0.15,17,66.3826870847805,85.1498720110908,"numCrashes < 490.5, propMentions < 0.148292825, propMentions < 0.0118695404, wind < 15.3199997, numCrashes < 480.5, propMentions < 0.0061920099, wind < 8.38999939, Leaf, Leaf, Leaf, Leaf, Leaf, Leaf, Leaf, Leaf",8
0.15,18,64.6644344611708,82.9818504649985,"numCrashes < 484.5, propMentions < 0.0579111278, numCrashes < 801, precip < 0.574999988, numCrashes < 227.5, snow < 1.25, snow < 6.25, Leaf, Leaf, Leaf, Leaf, Leaf, Leaf, Leaf, Leaf",8
0.15,19,63.2269408503189,81.2326440307762,"propMentions < 0.0147442399, numCrashes < 531.5, numCrashes < 295.5, precip < 0.61500001, snow < 1.5, wind < 10.1800003, precip < 0.305000007, Leaf, Leaf, Leaf, Leaf, Leaf, Leaf, Leaf, Leaf",8
0.15,20,62.1693392974403,80.0323134546919,"propMentions < 0.00941181742, propMentions < 0.0061920099, numCrashes < 285.5, wind < 17.3349991, wind < 18.6749992, wind < 10.1800003, precip < 0.00499999989, Leaf, Leaf, Leaf, Leaf, Leaf, Leaf, Leaf, Leaf",8
0.2,1,409.251126491378,431.920968399179,"numCrashes < 387.5, propMentions < 0.0226573199, numCrashes < 604.5, Leaf, numCrashes < 245.5, propMentions < 0.0206043962, numCrashes < 681.5, Leaf, Leaf, Leaf, Leaf, Leaf, Leaf",7
0.2,2,328.510907102688,349.67496188571,"numCrashes < 391.5, propMentions < 0.0226573199, numCrashes < 605.5, Leaf, numCrashes < 227.5, numCrashes < 527.5, snow < 0.0500000007, Leaf, Leaf, Leaf, Leaf, Leaf, Leaf",7
0.2,3,264.366664491851,284.761637859458,"numCrashes < 372.5, numCrashes < 285.5, numCrashes < 604.5, propMentions < 0.292071104, propMentions < 0.0226573199, propMentions < 0.0206043962, numCrashes < 681.5, Leaf, Leaf, Leaf, Leaf, Leaf, Leaf, Leaf, Leaf",8
0.2,4,213.325169605575,233.67399451273,"numCrashes < 372.5, numCrashes < 284.5, numCrashes < 605.5, numCrashes < 161, propMentions < 0.0226573199, propMentions < 0.023392614, numCrashes < 654.5, Leaf, Leaf, Leaf, Leaf, Leaf, Leaf, Leaf, Leaf",8
0.2,5,172.299516480545,193.35329450815,"numCrashes < 369.5, numCrashes < 199, numCrashes < 531.5, numCrashes < 161, numCrashes < 315.5, propMentions < 0.0731968433, numCrashes < 654.5, Leaf, Leaf, Leaf, Leaf, Leaf, Leaf, Leaf, Leaf",8
0.2,6,140.094377959303,162.097796190032,"numCrashes < 403.5, numCrashes < 310.5, numCrashes < 625.5, propMentions < 0.306656003, propMentions < 0.0117958589, numCrashes < 497.5, propMentions < 0.0261221845, Leaf, Leaf, Leaf, Leaf, Leaf, Leaf, Leaf, Leaf",8
0.2,7,115.907513341293,138.284595979464,"numCrashes < 359.5, numCrashes < 260.5, numCrashes < 531.5, numCrashes < 161, propMentions < 0.171444118, propMentions < 0.0339429528, snow < 1.5, Leaf, Leaf, Leaf, Leaf, Leaf, Leaf, Leaf, Leaf",8
0.2,8,98.2327300762308,120.500219939409,"numCrashes < 359.5, numCrashes < 267.5, numCrashes < 567.5, propMentions < 0.283130914, propMentions < 0.171444118, propMentions < 0.0147090629, numCrashes < 681.5, Leaf, Leaf, Leaf, Leaf, Leaf, Leaf, Leaf, Leaf",8
0.2,9,85.5193184913673,107.346410878354,"numCrashes < 403.5, propMentions < 0.0645235926, numCrashes < 629.5, numCrashes < 377.5, numCrashes < 306.5, precip < 0.420000017, snow < 0.0500000007, Leaf, Leaf, Leaf, Leaf, Leaf, Leaf, Leaf, Leaf",8
0.2,10,76.5495891477087,97.7184355115346,"propMentions < 0.0265460033, numCrashes < 681.5, numCrashes < 341.5, propMentions < 0.004454365, wind < 18.0100002, numCrashes < 191.5, numCrashes < 684, Leaf, Leaf, Leaf, Leaf, Leaf, Leaf, Leaf, Leaf",8
0.2,11,70.997610195517,91.0460304061954,"propMentions < 0.0265460033, numCrashes < 801, numCrashes < 491.5, numCrashes < 520.5, snow < 6.75, numCrashes < 161, numCrashes < 671.5, Leaf, Leaf, Leaf, Leaf, Leaf, Leaf, Leaf, Leaf",8
0.2,12,67.1303903363608,86.2116491054545,"numCrashes < 484.5, propMentions < 0.0579111278, propMentions < 0.0118695404, precip < 0.574999988, numCrashes < 251.5, propMentions < 0.0061920099, precip < 1.01499999, Leaf, Leaf, Leaf, Leaf, Leaf, Leaf, Leaf, Leaf",8
0.2,13,64.6691763741629,83.1149648707049,"propMentions < 0.0230782889, numCrashes < 801, numCrashes < 330.5, snow < 6.75, snow < 6.75, propMentions < 0.273409396, precip < 0.305000007, Leaf, Leaf, Leaf, Leaf, Leaf, Leaf, Leaf, Leaf",8
0.2,14,62.8743479310585,80.8867377650297,"numCrashes < 490.5, wind < 15.5450001, propMentions < 0.0116619067, propMentions < 0.0579111278, numCrashes < 483.5, propMentions < 0.0061920099, wind < 8.38999939, Leaf, Leaf, Leaf, Leaf, Leaf, Leaf, Leaf, Leaf",8
0.2,15,61.7084916589295,79.5020399234353,"numCrashes < 494.5, wind < 15.3199997, numCrashes < 801, propMentions < 0.163863763, precip < 1.25, snow < 1.25, snow < 6.25, Leaf, Leaf, Leaf, Leaf, Leaf, Leaf, Leaf, Leaf",8
0.2,16,60.8446919483504,78.5260919564262,"propMentions < 0.00928079244, propMentions < 0.0061920099, numCrashes < 267.5, wind < 17.3349991, wind < 18.6749992, wind < 9.72999954, precip < 0.00499999989, Leaf, Leaf, Leaf, Leaf, Leaf, Leaf, Leaf, Leaf",8
0.2,17,60.1586473211279,77.8237282964059,"numCrashes < 497.5, snow < 5.30000019, wind < 11.5200005, snow < 3.0999999, numCrashes < 435, numCrashes < 661.5, numCrashes < 793.5, Leaf, Leaf, Leaf, Leaf, Leaf, Leaf, Leaf, Leaf",8
0.2,18,59.7056368747955,77.4061274897235,"propMentions < 0.00816340093, propMentions < 0.00754727749, numCrashes < 756.5, numCrashes < 784, propMentions < 0.00784325786, propMentions < 0.252042353, propMentions < 0.0101456679, Leaf, Leaf, Leaf, Leaf, Leaf, Leaf, Leaf, Leaf",8
0.2,19,59.3081767641265,76.9891729536287,"numCrashes < 330.5, propMentions < 0.119331874, snow < 5.30000019, snow < 0.850000024, wind < 19.125, snow < 1.5, precip < 0.420000017, Leaf, Leaf, Leaf, Leaf, Leaf, Leaf, Leaf, Leaf",8
0.2,20,59.098659459006,76.913887357539,"numCrashes < 567.5, precip < 0.185000002, snow < 1.5, wind < 22.9300003, wind < 20.1350002, numCrashes < 877.5, snow < 3.3499999, Leaf, Leaf, Leaf, Leaf, Leaf, Leaf, Leaf, Leaf",8
0.25,1,384.118098592523,406.23296682342,"numCrashes < 387.5, propMentions < 0.0226573199, numCrashes < 604.5, Leaf, numCrashes < 245.5, propMentions < 0.0206043962, numCrashes < 681.5, Leaf, Leaf, Leaf, Leaf, Leaf, Leaf",7
0.25,2,289.833360512268,310.497180818161,"numCrashes < 372.5, numCrashes < 227.5, numCrashes < 605.5, numCrashes < 161, propMentions < 0.0226573199, propMentions < 0.023392614, snow < 0.0500000007, Leaf, Leaf, Leaf, Leaf, Leaf, Leaf, Leaf, Leaf",8
0.25,3,219.455413780776,239.811248889713,"numCrashes < 391.5, numCrashes < 285.5, numCrashes < 531.5, propMentions < 0.292071104, propMentions < 0.0226573199, wind < 15.9950008, numCrashes < 654.5, Leaf, Leaf, Leaf, Leaf, Leaf, Leaf, Leaf, Leaf",8
0.25,4,166.723904539212,187.98052956311,"numCrashes < 369.5, numCrashes < 306.5, numCrashes < 527.5, numCrashes < 191.5, propMentions < 0.0117958589, propMentions < 0.0339429528, numCrashes < 681.5, Leaf, Leaf, Leaf, Leaf, Leaf, Leaf, Leaf, Leaf",8
0.25,5,128.514349011952,150.894997915392,"numCrashes < 403.5, numCrashes < 315.5, numCrashes < 604.5, propMentions < 0.306656003, propMentions < 0.0117958589, propMentions < 0.0147090629, snow < 0.0500000007, Leaf, Leaf, Leaf, Leaf, Leaf, Leaf, Leaf, Leaf",8
0.25,6,102.62202951591,124.965419355635,"numCrashes < 359.5, numCrashes < 267.5, numCrashes < 497.5, numCrashes < 161, propMentions < 0.171444118, propMentions < 0.0565717146, numCrashes < 638.5, Leaf, Leaf, Leaf, Leaf, Leaf, Leaf, Leaf, Leaf",8
0.25,7,85.6126002419758,107.498701123452,"numCrashes < 359.5, numCrashes < 284.5, numCrashes < 567.5, propMentions < 0.286692768, snow < 0.950000048, precip < 0.629999995, numCrashes < 801, Leaf, Leaf, Leaf, Leaf, Leaf, Leaf, Leaf, Leaf",8
0.25,8,75.0558985818196,95.7661405250795,"propMentions < 0.0265460033, numCrashes < 681.5, numCrashes < 341.5, propMentions < 0.004454365, wind < 18.0100002, numCrashes < 161, numCrashes < 684, Leaf, Leaf, Leaf, Leaf, Leaf, Leaf, Leaf, Leaf",8
0.25,9,68.8343026297433,88.1589047270397,"propMentions < 0.0230782889, numCrashes < 629.5, numCrashes < 330.5, snow < 5.30000019, snow < 6.75, propMentions < 0.119331874, precip < 0.479999989, Leaf, Leaf, Leaf, Leaf, Leaf, Leaf, Leaf, Leaf",8
0.25,10,65.1518834306689,83.5236680350541,"numCrashes < 490.5, propMentions < 0.185880393, propMentions < 0.0118695404, wind < 15.3199997, numCrashes < 480.5, propMentions < 0.0061920099, wind < 8.38999939, Leaf, Leaf, Leaf, Leaf, Leaf, Leaf, Leaf, Leaf",8
0.25,11,62.9183151169951,80.8219779105079,"propMentions < 0.0779753774, numCrashes < 801, numCrashes < 671.5, snow < 6.75, snow < 6.75, numCrashes < 491.5, numCrashes < 708.5, Leaf, Leaf, Leaf, Leaf, Leaf, Leaf, Leaf, Leaf",8
0.25,12,61.5786758949017,79.3670894999568,"numCrashes < 494.5, wind < 15.5450001, snow < 1.5, numCrashes < 266.5, numCrashes < 483.5, numCrashes < 877.5, precip < 0.625, Leaf, Leaf, Leaf, Leaf, Leaf, Leaf, Leaf, Leaf",8
0.25,13,60.6500567356354,78.3652854579472,"propMentions < 0.00928079244, propMentions < 0.0061920099, propMentions < 0.278673828, wind < 17.3349991, wind < 18.6749992, precip < 0.00499999989, precip < 0.100000001, Leaf, Leaf, Leaf, Leaf, Leaf, Leaf, Leaf, Leaf",8
0.25,14,59.8917158155018,77.6496824472906,"numCrashes < 520.5, snow < 5.30000019, wind < 11.5200005, snow < 3.0999999, numCrashes < 435, numCrashes < 661.5, wind < 21.1399994, Leaf, Leaf, Leaf, Leaf, Leaf, Leaf, Leaf, Leaf",8
0.25,15,59.5609242105719,77.3567924527235,"propMentions < 0.00816340093, propMentions < 0.00754727749, numCrashes < 746, numCrashes < 784, propMentions < 0.00784325786, numCrashes < 715, wind < 10.625, Leaf, Leaf, Leaf, Leaf, Leaf, Leaf, Leaf, Leaf",8
0.25,16,59.3686291924838,77.2602790725944,"numCrashes < 310.5, wind < 10.1800003, snow < 1.5, propMentions < 0.0652482286, wind < 21.5849991, numCrashes < 877.5, precip < 0.829999983, Leaf, Leaf, Leaf, Leaf, Leaf, Leaf, Leaf, Leaf",8
0.25,17,59.1887337069206,77.1202105129831,"numCrashes < 502.5, precip < 1.25, propMentions < 0.0116619067, snow < 3.0999999, propMentions < 0.012820513, wind < 11.5200005, precip < 1.01499999, Leaf, Leaf, Leaf, Leaf, Leaf, Leaf, Leaf, Leaf",8
0.25,18,59.0401987912032,77.0325819126013,"snow < 5.30000019, snow < 2.1500001, precip < 0.405000001, wind < 27.625, precip < 0.834999979, Leaf, snow < 6.25, Leaf, Leaf, Leaf, Leaf, Leaf, Leaf",7
0.25,19,59.087721049492,77.1709189853019,"precip < 0.264999986, numCrashes < 680.5, numCrashes < 646.5, numCrashes < 673.5, precip < 0.204999998, numCrashes < 607.5, wind < 19.5750008, Leaf, Leaf, Leaf, Leaf, Leaf, Leaf, Leaf, Leaf",8
0.25,20,59.0580258298977,77.1831640407909,"numCrashes < 828, numCrashes < 211, numCrashes < 840, wind < 23.9349995, wind < 20.9150009, precip < 0.450000018, precip < 0.0799999982, Leaf, Leaf, Leaf, Leaf, Leaf, Leaf, Leaf, Leaf",8
0.3,1,358.985062415964,380.60707715885,"numCrashes < 387.5, propMentions < 0.0226573199, numCrashes < 604.5, Leaf, numCrashes < 245.5, propMentions < 0.0206043962, numCrashes < 681.5, Leaf, Leaf, Leaf, Leaf, Leaf, Leaf",7
0.3,2,253.603018643234,273.951704725087,"numCrashes < 372.5, numCrashes < 285.5, numCrashes < 605.5, propMentions < 0.306656003, propMentions < 0.0226573199, propMentions < 0.023392614, snow < 0.0500000007, Leaf, Leaf, Leaf, Leaf, Leaf, Leaf, Leaf, Leaf",8
0.3,3,180.130392910812,201.105530057746,"numCrashes < 394.5, numCrashes < 315.5, numCrashes < 531.5, numCrashes < 199, propMentions < 0.0117958589, wind < 15.9950008, numCrashes < 654.5, Leaf, Leaf, Leaf, Leaf, Leaf, Leaf, Leaf, Leaf",8
0.3,4,129.943082894011,152.168117430291,"numCrashes < 369.5, numCrashes < 161, numCrashes < 527.5, propMentions < 0.226398602, propMentions < 0.0623234436, propMentions < 0.0731968433, numCrashes < 681.5, Leaf, Leaf, Leaf, Leaf, Leaf, Leaf, Leaf, Leaf",8
0.3,5,98.6063745432887,120.824671787528,"numCrashes < 359.5, numCrashes < 227.5, numCrashes < 497.5, numCrashes < 161, propMentions < 0.170012042, propMentions < 0.0565717146, propMentions < 0.0118695404, Leaf, Leaf, Leaf, Leaf, Leaf, Leaf, Leaf, Leaf",8
0.3,6,80.0487712615816,101.441373033411,"numCrashes < 359.5, numCrashes < 267.5, numCrashes < 629.5, propMentions < 0.255580008, propMentions < 0.171444118, precip < 0.245000005, snow < 0.0500000007, Leaf, Leaf, Leaf, Leaf, Leaf, Leaf, Leaf, Leaf",8
0.3,7,70.2170342130614,90.0647645722375,"propMentions < 0.0265460033, numCrashes < 681.5, numCrashes < 306.5, propMentions < 0.004454365, wind < 18.0100002, propMentions < 0.292071104, numCrashes < 684, Leaf, Leaf, Leaf, Leaf, Leaf, Leaf, Leaf, Leaf",8
0.3,8,65.2223000737834,83.7279003437036,"numCrashes < 490.5, propMentions < 0.0226573199, numCrashes < 801, precip < 0.574999988, numCrashes < 480.5, snow < 1.25, snow < 6.75, Leaf, Leaf, Leaf, Leaf, Leaf, Leaf, Leaf, Leaf",8
0.3,9,62.4408100673131,80.3645863188328,"numCrashes < 484.5, numCrashes < 330.5, numCrashes < 801, propMentions < 0.119331874, precip < 1.25, propMentions < 0.0118695404, snow < 6.75, Leaf, Leaf, Leaf, Leaf, Leaf, Leaf, Leaf, Leaf",8
0.3,10,60.8499364993842,78.5478983335903,"propMentions < 0.0230782889, snow < 5.30000019, numCrashes < 671.5, snow < 2.1500001, precip < 0.420000017, numCrashes < 601.5, numCrashes < 708.5, Leaf, Leaf, Leaf, Leaf, Leaf, Leaf, Leaf, Leaf",8
0.3,11,60.0355624494881,77.6120393073938,"numCrashes < 567.5, wind < 15.3199997, propMentions < 0.00522196759, numCrashes < 266.5, precip < 0.0450000018, wind < 12.1900005, propMentions < 0.0097563304, Leaf, Leaf, Leaf, Leaf, Leaf, Leaf, Leaf, Leaf",8
0.3,12,59.3411214668763,77.0021012149704,"numCrashes < 520.5, snow < 5.30000019, wind < 21.1399994, snow < 3.0999999, numCrashes < 435, wind < 17.3349991, propMentions < 0.00238095247, Leaf, Leaf, Leaf, Leaf, Leaf, Leaf, Leaf, Leaf",8
0.3,13,59.1684345188986,76.8751399141752,"numCrashes < 638.5, precip < 0.185000002, precip < 0.145000011, wind < 27.625, numCrashes < 285, numCrashes < 870, wind < 19.5750008, Leaf, Leaf, Leaf, Leaf, Leaf, Leaf, Leaf, Leaf",8
0.3,14,59.0866811216758,76.8285000053801,"numCrashes < 828, propMentions < 0.278673828, numCrashes < 840, snow < 5.30000019, precip < 0.114999995, precip < 0.450000018, precip < 0.0799999982, Leaf, Leaf, Leaf, Leaf, Leaf, Leaf, Leaf, Leaf",8
0.3,15,58.9975559253411,76.715687313504,"propMentions < 0.0230782889, numCrashes < 377.5, numCrashes < 684, numCrashes < 358.5, numCrashes < 398.5, wind < 10.8500004, numCrashes < 708.5, Leaf, Leaf, Leaf, Leaf, Leaf, Leaf, Leaf, Leaf",8
0.3,16,58.9009484352149,76.7433177464681,"numCrashes < 828, snow < 1.25, snow < 6.25, snow < 0.649999976, precip < 0.829999983, snow < 1.3499999, numCrashes < 1060.5, Leaf, Leaf, Leaf, Leaf, Leaf, Leaf, Leaf, Leaf",8
0.3,17,58.8645756538278,76.7130682470169,"numCrashes < 161, propMentions < 0.226398602, numCrashes < 162.5, Leaf, precip < 0.00499999989, Leaf, numCrashes < 679.5, Leaf, Leaf, Leaf, Leaf",6
0.3,18,58.8183351338203,76.7045965343568,"precip < 2.71999979, precip < 2.57999992, precip < 2.86999989, wind < 17.3349991, Leaf, Leaf, numCrashes < 721, Leaf, Leaf, Leaf, Leaf",6
0.3,19,58.839201302364,76.8526323525987,"wind < 20.9150009, wind < 17.3349991, wind < 21.5849991, numCrashes < 777.5, propMentions < 0.00484287087, wind < 21.1399994, numCrashes < 554, Leaf, Leaf, Leaf, Leaf, Leaf, Leaf, Leaf, Leaf",8
0.3,20,58.8219511285791,76.8157923537128,"propMentions < 0.479377091, wind < 28.2999992, numCrashes < 198, wind < 21.1399994, wind < 28.6350002, propMentions < 0.533163249, wind < 15.6599998, Leaf, Leaf, Leaf, Leaf, Leaf, Leaf, Leaf, Leaf",8
0.35,1,333.852040596196,355.056772039754,"numCrashes < 387.5, propMentions < 0.0226573199, numCrashes < 604.5, Leaf, numCrashes < 245.5, propMentions < 0.0206043962, numCrashes < 681.5, Leaf, Leaf, Leaf, Leaf, Leaf, Leaf",7
0.35,2,219.672000866218,240.188000046895,"numCrashes < 372.5, numCrashes < 199, numCrashes < 605.5, numCrashes < 161, propMentions < 0.0226573199, propMentions < 0.023392614, snow < 0.0500000007, Leaf, Leaf, Leaf, Leaf, Leaf, Leaf, Leaf, Leaf",8
0.35,3,146.517448425293,168.422194362313,"numCrashes < 403.5, numCrashes < 306.5, numCrashes < 531.5, propMentions < 0.292071104, propMentions < 0.0117958589, wind < 15.9950008, numCrashes < 654.5, Leaf, Leaf, Leaf, Leaf, Leaf, Leaf, Leaf, Leaf",8
0.35,4,102.924092241109,125.334386075373,"numCrashes < 359.5, numCrashes < 284.5, numCrashes < 524.5, propMentions < 0.292071104, propMentions < 0.174801588, propMentions < 0.0339429528, numCrashes < 681.5, Leaf, Leaf, Leaf, Leaf, Leaf, Leaf, Leaf, Leaf",8
0.35,5,79.3465915172558,100.839058483037,"propMentions < 0.0265460033, numCrashes < 629.5, numCrashes < 341.5, precip < 0.245000005, snow < 6.75, numCrashes < 227.5, numCrashes < 684, Leaf, Leaf, Leaf, Leaf, Leaf, Leaf, Leaf, Leaf",8
0.35,6,68.6677393795821,88.1673552867653,"numCrashes < 490.5, propMentions < 0.0579111278, numCrashes < 801, precip < 0.574999988, numCrashes < 285.5, snow < 1.25, snow < 6.75, Leaf, Leaf, Leaf, Leaf, Leaf, Leaf, Leaf, Leaf",8
0.35,7,63.405915885136,81.6803434425651,"numCrashes < 497.5, propMentions < 0.148292825, propMentions < 0.0116619067, snow < 5.30000019, numCrashes < 161, propMentions < 0.0061920099, precip < 1.01499999, Leaf, Leaf, Leaf, Leaf, Leaf, Leaf, Leaf, Leaf",8
0.35,8,61.0907975746493,78.8621949907211,"numCrashes < 359.5, numCrashes < 267.5, numCrashes < 360.5, wind < 9.72999954, propMentions < 0.00316455704, propMentions < 0.0037313432, numCrashes < 801, Leaf, Leaf, Leaf, Leaf, Leaf, Leaf, Leaf, Leaf",8
0.35,9,59.8250139734428,77.4927817727891,"numCrashes < 502.5, wind < 15.3199997, wind < 11.5200005, propMentions < 0.0623234436, precip < 1.25, numCrashes < 661.5, wind < 21.1399994, Leaf, Leaf, Leaf, Leaf, Leaf, Leaf, Leaf, Leaf",8
0.35,10,59.1031604635304,76.9071600767026,"propMentions < 0.00928079244, propMentions < 0.0061920099, numCrashes < 671.5, wind < 17.3349991, wind < 18.6749992, precip < 0.185000002, propMentions < 0.0135749392, Leaf, Leaf, Leaf, Leaf, Leaf, Leaf, Leaf, Leaf",8
0.35,11,58.6018627899621,76.4700126886946,"numCrashes < 567.5, snow < 5.30000019, propMentions < 0.0261221845, snow < 3.0999999, numCrashes < 435, snow < 1.5, numCrashes < 618, Leaf, Leaf, Leaf, Leaf, Leaf, Leaf, Leaf, Leaf",8
0.35,12,58.4664051450532,76.3370323916843,"numCrashes < 828, propMentions < 0.275793672, wind < 15.5450001, snow < 6.19999981, precip < 0.114999995, wind < 10.625, numCrashes < 845, Leaf, Leaf, Leaf, Leaf, Leaf, Leaf, Leaf, Leaf",8
0.35,13,58.4805809359245,76.5124120014464,"wind < 17.3349991, numCrashes < 712.5, numCrashes < 716, numCrashes < 699.5, wind < 16.2200012, numCrashes < 708.5, propMentions < 0.00732424483, Leaf, Leaf, Leaf, Leaf, Leaf, Leaf, Leaf, Leaf",8
0.35,14,58.5061012982148,76.6367876096801,"numCrashes < 828, snow < 1.25, numCrashes < 831.5, snow < 0.649999976, precip < 0.829999983, Leaf, precip < 0.0799999982, Leaf, Leaf, Leaf, Leaf, Leaf, Leaf",7
0.35,15,58.6340634952038,76.9464765322347,"numCrashes < 502.5, wind < 15.3199997, numCrashes < 505.5, wind < 9.72999954, numCrashes < 464.5, wind < 15.8800001, propMentions < 0.0153453685, Leaf, Leaf, Leaf, Leaf, Leaf, Leaf, Leaf, Leaf",8
0.35,16,58.5595461089036,76.8817362286298,"numCrashes < 161, propMentions < 0.226398602, numCrashes < 162.5, Leaf, precip < 0.00499999989, Leaf, wind < 21.1399994, Leaf, Leaf, Leaf, Leaf",6
0.35,17,58.6598017650285,77.0150921697534,"wind < 28.2999992, numCrashes < 681.5, wind < 28.6350002, numCrashes < 672.5, snow < 0.0500000007, Leaf, precip < 0.150000006, Leaf, Leaf, Leaf, Leaf, Leaf, Leaf",7
0.35,18,58.7493920161806,77.0390571546015,"numCrashes < 877.5, snow < 5.6500001, wind < 12.5249996, wind < 27.625, snow < 8.85000038, numCrashes < 935.5, precip < 0.284999996, Leaf, Leaf, Leaf, Leaf, Leaf, Leaf, Leaf, Leaf",8
0.35,19,58.7647328494218,77.0863299861352,"numCrashes < 267.5, wind < 24.6049995, wind < 4.58500004, propMentions < 0.397002697, numCrashes < 174, numCrashes < 707, wind < 7.72000027, Leaf, Leaf, Leaf, Leaf, Leaf, Leaf, Leaf, Leaf",8
0.35,20,58.7171108452557,77.0334420750009,"precip < 2.71999979, precip < 2.57999992, precip < 2.86999989, wind < 20.9150009, Leaf, Leaf, numCrashes < 721, Leaf, Leaf, Leaf, Leaf",6
0.4,1,308.719001751228,329.599596155384,"numCrashes < 387.5, propMentions < 0.0226573199, numCrashes < 604.5, Leaf, numCrashes < 245.5, propMentions < 0.0206043962, numCrashes < 681.5, Leaf, Leaf, Leaf, Leaf, Leaf, Leaf",7
0.4,2,188.303399466529,209.099396642695,"numCrashes < 372.5, numCrashes < 199, numCrashes < 531.5, numCrashes < 161, numCrashes < 306.5, propMentions < 0.0339429528, numCrashes < 654.5, Leaf, Leaf, Leaf, Leaf, Leaf, Leaf, Leaf, Leaf",8
0.4,3,118.940435907524,141.284041071696,"numCrashes < 359.5, numCrashes < 284.5, numCrashes < 605.5, propMentions < 0.292071104, propMentions < 0.0226573199, propMentions < 0.0147090629, snow < 0.0500000007, Leaf, Leaf, Leaf, Leaf, Leaf, Leaf, Leaf, Leaf",8
0.4,4,84.2240447998047,106.127229971394,"numCrashes < 403.5, propMentions < 0.0623234436, numCrashes < 520.5, numCrashes < 377.5, numCrashes < 227.5, snow < 5.30000019, numCrashes < 801, Leaf, Leaf, Leaf, Leaf, Leaf, Leaf, Leaf, Leaf",8
0.4,5,69.3960136451157,88.9374839187599,"propMentions < 0.0265460033, numCrashes < 629.5, numCrashes < 330.5, precip < 0.245000005, snow < 6.75, numCrashes < 161, numCrashes < 671.5, Leaf, Leaf, Leaf, Leaf, Leaf, Leaf, Leaf, Leaf",8
0.4,6,63.2484207529153,81.3892096058845,"numCrashes < 490.5, propMentions < 0.185880393, snow < 1.5, wind < 15.3199997, numCrashes < 480.5, numCrashes < 681.5, precip < 0.625, Leaf, Leaf, Leaf, Leaf, Leaf, Leaf, Leaf, Leaf",8
0.4,7,60.5048857815747,78.352975488733,"propMentions < 0.0230782889, propMentions < 0.0061920099, precip < 0.185000002, wind < 17.3349991, wind < 18.7900009, propMentions < 0.397002697, numCrashes < 684, Leaf, Leaf, Leaf, Leaf, Leaf, Leaf, Leaf, Leaf",8
0.4,8,59.5612679843245,77.3915336209184,"numCrashes < 494.5, wind < 15.5450001, propMentions < 0.0116619067, propMentions < 0.163863763, numCrashes < 483.5, propMentions < 0.0061920099, wind < 8.38999939, Leaf, Leaf, Leaf, Leaf, Leaf, Leaf, Leaf, Leaf",8
0.4,9,59.1091058665308,77.0260049756717,"numCrashes < 801, numCrashes < 285.5, snow < 6.25, precip < 0.569999993, snow < 5.30000019, snow < 1.3499999, wind < 13.9799995, Leaf, Leaf, Leaf, Leaf, Leaf, Leaf, Leaf, Leaf",8
0.4,10,58.6561189848801,76.6847338270715,"numCrashes < 484.5, numCrashes < 478.5, wind < 21.1399994, numCrashes < 476.5, snow < 2.5999999, wind < 17.3349991, wind < 21.5849991, Leaf, Leaf, Leaf, Leaf, Leaf, Leaf, Leaf, Leaf",8
0.4,11,58.647615930717,76.7964426003162,"numCrashes < 828, snow < 1.25, precip < 0.0799999982, snow < 0.949999988, precip < 0.829999983, numCrashes < 942.5, numCrashes < 831.5, Leaf, Leaf, Leaf, Leaf, Leaf, Leaf, Leaf, Leaf",8
0.4,12,58.7856568585476,77.0055309370325,"numCrashes < 681.5, precip < 0.435000002, snow < 0.0500000007, snow < 3.6500001, snow < 4.8499999, numCrashes < 689.5, numCrashes < 811, Leaf, Leaf, Leaf, Leaf, Leaf, Leaf, Leaf, Leaf",8
0.4,13,58.7037450480344,77.0353813780947,"propMentions < 0.278673828, wind < 11.7449999, precip < 0.114999995, numCrashes < 661.5, numCrashes < 660.5, precip < 0.0450000018, numCrashes < 241, Leaf, Leaf, Leaf, Leaf, Leaf, Leaf, Leaf, Leaf",8
0.4,14,58.7569161401006,77.1576694399195,"wind < 28.2999992, numCrashes < 877.5, wind < 28.6350002, snow < 5.30000019, precip < 0.0799999982, Leaf, wind < 29.6349983, Leaf, Leaf, Leaf, Leaf, Leaf, Leaf",7
0.4,15,58.665271477159,77.0803743350378,"snow < 8.85000038, precip < 2.71999979, Leaf, precip < 1.375, wind < 13.8699999, Leaf, Leaf, Leaf, Leaf",5
0.4,16,58.6483580490638,77.1281992885755,"wind < 4.58500004, numCrashes < 707, wind < 5.25500011, numCrashes < 599.5, numCrashes < 745.5, precip < 0.0149999997, snow < 2.8499999, Leaf, Leaf, Leaf, Leaf, Leaf, Leaf, Leaf, Leaf",8
0.4,17,58.6878023946227,77.1410640153686,"wind < 20.9150009, wind < 20.0200005, wind < 21.5849991, snow < 2.8499999, numCrashes < 508.5, propMentions < 0.00697075669, numCrashes < 554, Leaf, Leaf, Leaf, Leaf, Leaf, Leaf, Leaf, Leaf",8
0.4,18,59.0145182492111,77.7137255458893,"snow < 5.6500001, numCrashes < 877.5, snow < 8.10000038, wind < 27.625, wind < 12.5249996, numCrashes < 895, precip < 0.659999967, Leaf, Leaf, Leaf, Leaf, Leaf, Leaf, Leaf, Leaf",8
0.4,19,59.1278750414919,77.7835692839823,"propMentions < 0.479377091, wind < 7.72000027, numCrashes < 198, numCrashes < 699.5, numCrashes < 708.5, propMentions < 0.533163249, wind < 15.6599998, Leaf, Leaf, Leaf, Leaf, Leaf, Leaf, Leaf, Leaf",8
0.4,20,59.156878203594,77.7822440609219,"numCrashes < 161, propMentions < 0.226398602, numCrashes < 162.5, Leaf, propMentions < 0.43194443, Leaf, propMentions < 0.00816340093, Leaf, Leaf, Leaf, Leaf",6
0.45,1,283.585983370325,304.258968894474,"numCrashes < 387.5, propMentions < 0.0226573199, numCrashes < 604.5, Leaf, numCrashes < 245.5, propMentions < 0.0206043962, numCrashes < 681.5, Leaf, Leaf, Leaf, Leaf, Leaf, Leaf",7
0.45,2,159.929411939799,181.336501386748,"numCrashes < 372.5, numCrashes < 199, numCrashes < 531.5, numCrashes < 161, numCrashes < 306.5, propMentions < 0.0339429528, numCrashes < 654.5, Leaf, Leaf, Leaf, Leaf, Leaf, Leaf, Leaf, Leaf",8
0.45,3,97.7762609773082,119.940450877412,"numCrashes < 359.5, propMentions < 0.309991539, numCrashes < 605.5, numCrashes < 285.5, numCrashes < 240, propMentions < 0.0147090629, snow < 0.0500000007, Leaf, Leaf, Leaf, Leaf, Leaf, Leaf, Leaf, Leaf",8
0.45,4,73.0197970385622,93.3015747727187,"numCrashes < 403.5, propMentions < 0.0623234436, numCrashes < 497.5, numCrashes < 377.5, propMentions < 0.278673828, wind < 15.9950008, numCrashes < 801, Leaf, Leaf, Leaf, Leaf, Leaf, Leaf, Leaf, Leaf",8
0.45,5,64.0807392139153,82.2967119182679,"propMentions < 0.0265460033, numCrashes < 629.5, numCrashes < 330.5, precip < 0.625, snow < 6.75, numCrashes < 161, numCrashes < 671.5, Leaf, Leaf, Leaf, Leaf, Leaf, Leaf, Leaf, Leaf",8
0.45,6,60.5648488387686,78.4598954856026,"numCrashes < 490.5, propMentions < 0.185880393, snow < 1.5, snow < 5.30000019, numCrashes < 480.5, numCrashes < 877.5, precip < 0.625, Leaf, Leaf, Leaf, Leaf, Leaf, Leaf, Leaf, Leaf",8
0.45,7,58.9081337087847,77.0387409117979,"propMentions < 0.0118695404, propMentions < 0.0061920099, propMentions < 0.0135440873, wind < 17.3349991, wind < 16.2200012, wind < 19.0149994, propMentions < 0.0147442399, Leaf, Leaf, Leaf, Leaf, Leaf, Leaf, Leaf, Leaf",8
0.45,8,58.4555618962631,76.6615838667323,"numCrashes < 520.5, wind < 15.3199997, wind < 11.5200005, precip < 0.185000002, precip < 0.425000012, numCrashes < 732.5, wind < 21.1399994, Leaf, Leaf, Leaf, Leaf, Leaf, Leaf, Leaf, Leaf",8
0.45,9,58.0252836631437,76.3449241421055,"numCrashes < 284.5, precip < 0.569999993, snow < 5.30000019, wind < 6.375, numCrashes < 170, snow < 2.8499999, precip < 0.420000017, Leaf, Leaf, Leaf, Leaf, Leaf, Leaf, Leaf, Leaf",8
0.45,10,58.1078320583099,76.5886965822648,"numCrashes < 828, snow < 1.25, precip < 0.0799999982, snow < 0.649999976, numCrashes < 698, numCrashes < 942.5, numCrashes < 831.5, Leaf, Leaf, Leaf, Leaf, Leaf, Leaf, Leaf, Leaf",8
0.45,11,58.3205188319014,76.886343644721,"numCrashes < 681.5, precip < 0.185000002, precip < 1.245, numCrashes < 673.5, wind < 20.2449989, numCrashes < 689.5, wind < 15.8850002, Leaf, Leaf, Leaf, Leaf, Leaf, Leaf, Leaf, Leaf",8
0.45,12,58.597078821342,77.3939257330001,"wind < 24.9399986, numCrashes < 877.5, wind < 25.2749996, snow < 5.6500001, snow < 5.75, Leaf, wind < 27.625, Leaf, Leaf, Leaf, Leaf, Leaf, Leaf",7
0.45,13,58.940978628074,77.8286499926543,"wind < 17.3349991, numCrashes < 712.5, numCrashes < 716, numCrashes < 706.5, wind < 16.2200012, numCrashes < 708.5, propMentions < 0.00732424483, Leaf, Leaf, Leaf, Leaf, Leaf, Leaf, Leaf, Leaf",8
0.45,14,58.9628703676421,77.8098507860487,"numCrashes < 227.5, wind < 9.95499992, numCrashes < 244.5, numCrashes < 163, wind < 11.9699993, precip < 0.0399999991, numCrashes < 266.5, Leaf, Leaf, Leaf, Leaf, Leaf, Leaf, Leaf, Leaf",8
0.45,15,58.9921392807232,77.8648352449724,"wind < 4.58500004, numCrashes < 707, wind < 5.25500011, numCrashes < 599.5, numCrashes < 745.5, precip < 0.0149999997, snow < 2.1500001, Leaf, Leaf, Leaf, Leaf, Leaf, Leaf, Leaf, Leaf",8
0.45,16,58.9874271524364,77.812344391309,"numCrashes < 161, propMentions < 0.226398602, numCrashes < 162.5, Leaf, precip < 0.175000012, Leaf, wind < 20.9150009, Leaf, Leaf, Leaf, Leaf",6
0.45,17,59.2512880334713,78.0892114835426,"wind < 21.5849991, wind < 21.1399994, numCrashes < 568.5, wind < 17.3349991, numCrashes < 514.5, precip < 0.0249999985, precip < 0.479999989, Leaf, Leaf, Leaf, Leaf, Leaf, Leaf, Leaf, Leaf",8
0.45,18,59.3176031817356,78.2036907963843,"numCrashes < 777.5, numCrashes < 773, propMentions < 0.00706934463, precip < 2.71999979, precip < 0.0350000001, wind < 10.625, numCrashes < 795, Leaf, Leaf, Leaf, Leaf, Leaf, Leaf, Leaf, Leaf",8
0.45,19,59.1741657538954,77.8169868006938,"wind < 28.2999992, numCrashes < 935.5, wind < 28.6350002, numCrashes < 877.5, numCrashes < 1032, Leaf, precip < 0.150000006, Leaf, Leaf, Leaf, Leaf, Leaf, Leaf",7
0.45,20,59.1737379064701,77.8236648157132,"snow < 8.85000038, snow < 5.30000019, Leaf, snow < 4.94999981, precip < 0.284999996, Leaf, Leaf, Leaf, Leaf",5
0.5,1,258.532896746556,279.066593088254,"numCrashes < 387.5, propMentions < 0.0226573199, numCrashes < 604.5, Leaf, numCrashes < 245.5, propMentions < 0.0206043962, numCrashes < 681.5, Leaf, Leaf, Leaf, Leaf, Leaf, Leaf",7
0.5,2,134.594458161904,156.741160650263,"numCrashes < 372.5, numCrashes < 199, numCrashes < 531.5, numCrashes < 161, numCrashes < 306.5, propMentions < 0.0339429528, numCrashes < 654.5, Leaf, Leaf, Leaf, Leaf, Leaf, Leaf, Leaf, Leaf",8
0.5,3,82.0233876270614,103.543763259266,"propMentions < 0.0265460033, numCrashes < 625.5, numCrashes < 343.5, numCrashes < 497.5, snow < 0.0500000007, propMentions < 0.309991539, numCrashes < 684, Leaf, Leaf, Leaf, Leaf, Leaf, Leaf, Leaf, Leaf",8
0.5,4,66.0605767536633,84.7961894567286,"numCrashes < 359.5, numCrashes < 284.5, numCrashes < 520.5, propMentions < 0.292071104, precip < 0.164999992, numCrashes < 360.5, numCrashes < 801, Leaf, Leaf, Leaf, Leaf, Leaf, Leaf, Leaf, Leaf",8
0.5,5,60.933568945072,78.7178704942181,"propMentions < 0.0779753774, wind < 13.3099995, numCrashes < 491.5, numCrashes < 661.5, propMentions < 0.00449494924, numCrashes < 480.5, numCrashes < 660.5, Leaf, Leaf, Leaf, Leaf, Leaf, Leaf, Leaf, Leaf",8
0.5,6,59.1212882431857,76.9284440960395,"propMentions < 0.00941181742, propMentions < 0.0061920099, wind < 10.8500004, wind < 17.3349991, wind < 18.6749992, propMentions < 0.170012042, propMentions < 0.010028149, Leaf, Leaf, Leaf, Leaf, Leaf, Leaf, Leaf, Leaf",8
0.5,7,58.4972597319504,76.4255895982588,"propMentions < 0.0118695404, numCrashes < 377.5, propMentions < 0.0135440873, numCrashes < 358.5, numCrashes < 403.5, wind < 19.0149994, propMentions < 0.0147442399, Leaf, Leaf, Leaf, Leaf, Leaf, Leaf, Leaf, Leaf",8
0.5,8,58.3135193322092,76.8106124745407,"snow < 5.30000019, snow < 1.5, precip < 0.405000001, numCrashes < 877.5, precip < 0.834999979, Leaf, numCrashes < 424.5, Leaf, Leaf, Leaf, Leaf, Leaf, Leaf",7
0.5,9,58.1599912220621,76.7957917983391,"numCrashes < 161, propMentions < 0.226398602, numCrashes < 162.5, Leaf, precip < 0.00499999989, Leaf, wind < 17.3349991, Leaf, Leaf, Leaf, Leaf",6
0.5,10,58.1483907840522,76.8995717498717,"wind < 20.9150009, wind < 17.3349991, wind < 21.5849991, numCrashes < 777.5, numCrashes < 700.5, propMentions < 0.00697075669, numCrashes < 554, Leaf, Leaf, Leaf, Leaf, Leaf, Leaf, Leaf, Leaf",8
0.5,11,57.9055420823872,76.4179366493431,"numCrashes < 935.5, numCrashes < 903.5, numCrashes < 986.5, numCrashes < 883.5, Leaf, Leaf, precip < 0.620000005, Leaf, Leaf, Leaf, Leaf",6
0.5,12,57.8616326618664,76.4024210162844,"precip < 0.425000012, snow < 4.44999981, snow < 4.94999981, numCrashes < 680.5, numCrashes < 453.5, numCrashes < 680.5, numCrashes < 895, Leaf, Leaf, Leaf, Leaf, Leaf, Leaf, Leaf, Leaf",8
0.5,13,58.0410489613199,76.5322722210452,"numCrashes < 828, numCrashes < 822.5, numCrashes < 840, propMentions < 0.21633333, Leaf, Leaf, precip < 0.0799999982, Leaf, Leaf, Leaf, Leaf",6
0.5,14,58.0712093108981,76.5406041443765,"precip < 2.71999979, precip < 2.57999992, precip < 2.86999989, wind < 27.625, Leaf, Leaf, numCrashes < 721, Leaf, Leaf, Leaf, Leaf",6
0.5,15,58.3021083888162,76.7876148851004,"precip < 0.245000005, wind < 4.35999966, numCrashes < 285, wind < 3.46999979, wind < 5.25500011, numCrashes < 170, numCrashes < 637.5, Leaf, Leaf, Leaf, Leaf, Leaf, Leaf, Leaf, Leaf",8
0.5,16,58.1368654373244,76.9994472977968,"numCrashes < 605.5, numCrashes < 602.5, wind < 6.1500001, numCrashes < 598.5, precip < 0.00499999989, wind < 5.25500011, wind < 6.375, Leaf, Leaf, Leaf, Leaf, Leaf, Leaf, Leaf, Leaf",8
0.5,17,58.1172144659634,76.9769568386014,"propMentions < 0.515777886, numCrashes < 877.5, numCrashes < 113.5, snow < 5.30000019, numCrashes < 883.5, Leaf, wind < 15.6599998, Leaf, Leaf, Leaf, Leaf, Leaf, Leaf",7
0.5,18,58.1550268539654,77.0546232056713,"snow < 2.8499999, snow < 2.5999999, precip < 0.829999983, wind < 27.625, Leaf, snow < 5.6500001, snow < 6.0999999, Leaf, Leaf, Leaf, Leaf, Leaf, Leaf",7
0.5,19,58.1220219804736,77.0475126946018,"snow < 8.85000038, wind < 21.1399994, Leaf, wind < 20.6899986, wind < 21.5849991, Leaf, Leaf, Leaf, Leaf",5
0.5,20,58.0919285478263,77.0094900501901,"precip < 2.71999979, precip < 2.57999992, precip < 2.86999989, precip < 1.22500002, Leaf, Leaf, wind < 13.8699999, Leaf, Leaf, Leaf, Leaf",6
0.55,1,233.537652133134,254.066595020372,"numCrashes < 387.5, propMentions < 0.0226573199, numCrashes < 604.5, Leaf, numCrashes < 245.5, propMentions < 0.0206043962, numCrashes < 681.5, Leaf, Leaf, Leaf, Leaf, Leaf, Leaf",7
0.55,2,112.936771449197,135.177108177898,"numCrashes < 369.5, numCrashes < 191.5, numCrashes < 531.5, numCrashes < 161, numCrashes < 306.5, propMentions < 0.0731968433, numCrashes < 654.5, Leaf, Leaf, Leaf, Leaf, Leaf, Leaf, Leaf, Leaf",8
0.55,3,72.1419448476707,92.1106887605228,"propMentions < 0.0265460033, numCrashes < 625.5, numCrashes < 341.5, precip < 0.245000005, snow < 0.0500000007, propMentions < 0.309991539, numCrashes < 684, Leaf, Leaf, Leaf, Leaf, Leaf, Leaf, Leaf, Leaf",8
0.55,4,62.2580258223811,80.1104306955948,"numCrashes < 490.5, propMentions < 0.186773255, numCrashes < 801, wind < 15.3199997, numCrashes < 480.5, snow < 1.25, snow < 6.75, Leaf, Leaf, Leaf, Leaf, Leaf, Leaf, Leaf, Leaf",8
0.55,5,59.2561373405269,76.9755834948768,"propMentions < 0.0118695404, propMentions < 0.0061920099, numCrashes < 284.5, wind < 17.3349991, wind < 18.6749992, propMentions < 0.286692768, propMentions < 0.0135440873, Leaf, Leaf, Leaf, Leaf, Leaf, Leaf, Leaf, Leaf",8
0.55,6,58.1722853336428,76.045802970235,"numCrashes < 520.5, snow < 5.30000019, wind < 11.5200005, snow < 3.0999999, numCrashes < 435, numCrashes < 661.5, wind < 21.1399994, Leaf, Leaf, Leaf, Leaf, Leaf, Leaf, Leaf, Leaf",8
0.55,7,57.9874944827827,75.8653403474126,"numCrashes < 828, snow < 5.30000019, wind < 15.5450001, wind < 27.625, numCrashes < 435, wind < 10.625, numCrashes < 845, Leaf, Leaf, Leaf, Leaf, Leaf, Leaf, Leaf, Leaf",8
0.55,8,57.7980636822179,75.8666131150387,"numCrashes < 285.5, numCrashes < 246.5, wind < 17.3349991, numCrashes < 227.5, snow < 0.0500000007, wind < 16.6650009, numCrashes < 716, Leaf, Leaf, Leaf, Leaf, Leaf, Leaf, Leaf, Leaf",8
0.55,9,57.8296269759756,75.9905142987242,"precip < 2.71999979, precip < 2.57999992, wind < 13.8699999, numCrashes < 784, Leaf, numCrashes < 557, precip < 2.86999989, Leaf, Leaf, Leaf, Leaf, Leaf, Leaf",7
0.55,10,57.6464122903758,75.6247844661627,"numCrashes < 935.5, numCrashes < 877.5, numCrashes < 986.5, snow < 5.6500001, wind < 14.0950003, Leaf, numCrashes < 1113, Leaf, Leaf, Leaf, Leaf, Leaf, Leaf",7
0.55,11,57.5173583758876,75.569286188727,"wind < 20.9150009, snow < 2.8499999, wind < 21.5849991, wind < 20.6899986, propMentions < 0.00279329601, propMentions < 0.00697075669, numCrashes < 653.5, Leaf, Leaf, Leaf, Leaf, Leaf, Leaf, Leaf, Leaf",8
0.55,12,57.858780320642,75.8698288840799,"numCrashes < 567.5, wind < 15.9950008, wind < 22.3699989, numCrashes < 564.5, precip < 0.0450000018, propMentions < 0.0261221845, wind < 24.2700005, Leaf, Leaf, Leaf, Leaf, Leaf, Leaf, Leaf, Leaf",8
0.55,13,57.9800226747109,76.055171728132,"wind < 4.58500004, numCrashes < 707, wind < 5.25500011, numCrashes < 599.5, numCrashes < 745.5, precip < 0.0149999997, numCrashes < 828, Leaf, Leaf, Leaf, Leaf, Leaf, Leaf, Leaf, Leaf",8
0.55,14,58.0522507164866,76.1067464450135,"propMentions < 0.479377091, numCrashes < 161, numCrashes < 191, propMentions < 0.226398602, numCrashes < 162.5, propMentions < 0.533163249, wind < 15.6599998, Leaf, Leaf, Leaf, Leaf, Leaf, Leaf, Leaf, Leaf",8
0.55,15,58.1279281090046,76.2962317663141,"numCrashes < 699.5, numCrashes < 681.5, numCrashes < 712.5, numCrashes < 672.5, snow < 3.1500001, propMentions < 0.00240384624, numCrashes < 714.5, Leaf, Leaf, Leaf, Leaf, Leaf, Leaf, Leaf, Leaf",8
0.55,16,58.5249930320702,76.7500634737383,"precip < 0.425000012, snow < 3.6500001, numCrashes < 680.5, precip < 0.405000001, numCrashes < 1028.5, numCrashes < 674, numCrashes < 775, Leaf, Leaf, Leaf, Leaf, Leaf, Leaf, Leaf, Leaf",8
0.55,17,58.6185862348585,76.9853096936233,"numCrashes < 773, numCrashes < 743.5, propMentions < 0.00706934463, propMentions < 0.004454365, numCrashes < 745.5, numCrashes < 777.5, numCrashes < 795, Leaf, Leaf, Leaf, Leaf, Leaf, Leaf, Leaf, Leaf",8
0.55,18,58.5153952537499,76.9437075814929,"propMentions < 0.00816340093, numCrashes < 377.5, numCrashes < 746, numCrashes < 358.5, propMentions < 0.00754727749, numCrashes < 715, propMentions < 0.0101456679, Leaf, Leaf, Leaf, Leaf, Leaf, Leaf, Leaf, Leaf",8
0.55,19,58.3546448881403,76.7091419566934,"numCrashes < 935.5, numCrashes < 877.5, numCrashes < 986.5, numCrashes < 848, wind < 14.0950003, Leaf, numCrashes < 1032, Leaf, Leaf, Leaf, Leaf, Leaf, Leaf",7
0.55,20,58.6779061679182,76.944980690989,"wind < 21.5849991, wind < 21.1399994, numCrashes < 554, snow < 5.30000019, numCrashes < 514.5, precip < 0.120000005, precip < 0.554999948, Leaf, Leaf, Leaf, Leaf, Leaf, Leaf, Leaf, Leaf",8
0.6,1,208.556394342131,229.321923439499,"numCrashes < 387.5, propMentions < 0.0226573199, numCrashes < 604.5, Leaf, numCrashes < 245.5, propMentions < 0.0206043962, numCrashes < 681.5, Leaf, Leaf, Leaf, Leaf, Leaf, Leaf",7
0.6,2,94.9596634286965,117.074557403728,"numCrashes < 369.5, numCrashes < 191.5, numCrashes < 531.5, numCrashes < 161, numCrashes < 310.5, propMentions < 0.0731968433, snow < 1.5, Leaf, Leaf, Leaf, Leaf, Leaf, Leaf, Leaf, Leaf",8
0.6,3,65.8053601645484,84.5704889250948,"numCrashes < 359.5, propMentions < 0.309991539, numCrashes < 654.5, propMentions < 0.170140386, numCrashes < 315, numCrashes < 490.5, wind < 17.5600014, Leaf, Leaf, Leaf, Leaf, Leaf, Leaf, Leaf, Leaf",8
0.6,4,59.9257077747965,77.9436079378709,"propMentions < 0.0265460033, numCrashes < 801, numCrashes < 684, snow < 5.30000019, snow < 6.75, numCrashes < 285.5, numCrashes < 708.5, Leaf, Leaf, Leaf, Leaf, Leaf, Leaf, Leaf, Leaf",8
0.6,5,58.4952665432333,76.6370401749339,"numCrashes < 629.5, precip < 0.185000002, snow < 0.0500000007, wind < 15.9950008, numCrashes < 285, propMentions < 0.0261221845, numCrashes < 811, Leaf, Leaf, Leaf, Leaf, Leaf, Leaf, Leaf, Leaf",8
0.6,6,58.0663268742303,76.0920245363549,"propMentions < 0.00941181742, propMentions < 0.0061920099, propMentions < 0.278673828, numCrashes < 377.5, wind < 18.6749992, numCrashes < 244.5, numCrashes < 485.5, Leaf, Leaf, Leaf, Leaf, Leaf, Leaf, Leaf, Leaf",8
0.6,7,58.3475982590849,77.0929706947275,"snow < 1.5, numCrashes < 877.5, precip < 0.61500001, wind < 27.625, wind < 12.5249996, numCrashes < 259.5, wind < 12.6399994, Leaf, Leaf, Leaf, Leaf, Leaf, Leaf, Leaf, Leaf",8
0.6,8,58.280172225877,77.1845616985935,"wind < 21.1399994, wind < 17.3349991, wind < 21.5849991, wind < 16.8899994, propMentions < 0.00484287087, numCrashes < 514.5, numCrashes < 568.5, Leaf, Leaf, Leaf, Leaf, Leaf, Leaf, Leaf, Leaf",8
0.6,9,58.5576436460899,77.8084143634672,"numCrashes < 497.5, wind < 15.3199997, propMentions < 0.0118695404, numCrashes < 496.5, numCrashes < 472, wind < 11.5200005, propMentions < 0.0135440873, Leaf, Leaf, Leaf, Leaf, Leaf, Leaf, Leaf, Leaf",8
0.6,10,58.4404653163966,77.3619054493279,"numCrashes < 935.5, numCrashes < 903.5, numCrashes < 1032, snow < 5.6500001, Leaf, Leaf, numCrashes < 1113, Leaf, Leaf, Leaf, Leaf",6
0.6,11,58.4423114043738,77.4652744213681,"wind < 4.58500004, numCrashes < 707, wind < 5.25500011, numCrashes < 599.5, numCrashes < 745.5, precip < 0.0149999997, snow < 2.8499999, Leaf, Leaf, Leaf, Leaf, Leaf, Leaf, Leaf, Leaf",8
0.6,12,58.4221425173905,77.4586694746521,"wind < 18.9000015, snow < 3.1500001, wind < 19.125, snow < 0.649999976, wind < 15.9950008, numCrashes < 645, numCrashes < 713.5, Leaf, Leaf, Leaf, Leaf, Leaf, Leaf, Leaf, Leaf",8
0.6,13,58.4125503013874,77.4125978471374,"snow < 5.30000019, snow < 2.8499999, numCrashes < 435, precip < 1.22500002, precip < 1.03499997, propMentions < 0.175221235, numCrashes < 863, Leaf, Leaf, Leaf, Leaf, Leaf, Leaf, Leaf, Leaf",8
0.6,14,58.4691561994881,77.3998807163917,"numCrashes < 828, numCrashes < 822.5, wind < 8.05500031, propMentions < 0.479377091, Leaf, precip < 0.0500000007, wind < 15.5450001, Leaf, Leaf, Leaf, Leaf, Leaf, Leaf",7
0.6,15,58.517249196621,77.8326863788739,"precip < 0.264999986, numCrashes < 680.5, numCrashes < 637.5, numCrashes < 673.5, numCrashes < 689.5, numCrashes < 601.5, numCrashes < 794, Leaf, Leaf, Leaf, Leaf, Leaf, Leaf, Leaf, Leaf",8
0.6,16,58.479007251157,77.7953387818506,"propMentions < 0.21633333, numCrashes < 211, numCrashes < 246.5, precip < 0.00499999989, numCrashes < 539.5, numCrashes < 227.5, numCrashes < 277.5, Leaf, Leaf, Leaf, Leaf, Leaf, Leaf, Leaf, Leaf",8
0.6,17,58.3579857361141,77.5148293308806,"numCrashes < 935.5, numCrashes < 877.5, numCrashes < 1032, numCrashes < 848, wind < 14.0950003, Leaf, Leaf, Leaf, Leaf, Leaf, Leaf",6
0.6,18,58.3071345813169,77.6188834416868,"numCrashes < 638.5, numCrashes < 634.5, wind < 6.1500001, wind < 7.72000027, precip < 0.13499999, numCrashes < 644, wind < 6.375, Leaf, Leaf, Leaf, Leaf, Leaf, Leaf, Leaf, Leaf",8
0.6,19,58.6506516780759,78.1656250677571,"wind < 23.1500015, wind < 22.9300003, numCrashes < 683.5, precip < 2.71999979, precip < 0.0949999988, numCrashes < 660, wind < 24.0499992, Leaf, Leaf, Leaf, Leaf, Leaf, Leaf, Leaf, Leaf",8
0.6,20,58.6476231091128,78.1637537866434,"precip < 3.13999987, precip < 2.71999979, numCrashes < 721, precip < 2.57999992, precip < 2.86999989, Leaf, Leaf, Leaf, Leaf, Leaf, Leaf",6
0.65,1,183.719801541032,204.925095569209,"numCrashes < 387.5, propMentions < 0.0226573199, numCrashes < 604.5, Leaf, numCrashes < 245.5, propMentions < 0.0206043962, numCrashes < 681.5, Leaf, Leaf, Leaf, Leaf, Leaf, Leaf",7
0.65,2,81.8370435367077,103.044448400074,"numCrashes < 359.5, numCrashes < 191.5, numCrashes < 527.5, numCrashes < 161, numCrashes < 306.5, propMentions < 0.0339429528, snow < 1.5, Leaf, Leaf, Leaf, Leaf, Leaf, Leaf, Leaf, Leaf",8
0.65,3,62.4577914082945,80.5512293968938,"numCrashes < 369.5, propMentions < 0.185880393, numCrashes < 654.5, propMentions < 0.0623234436, propMentions < 0.309991539, precip < 0.245000005, wind < 17.5600014, Leaf, Leaf, Leaf, Leaf, Leaf, Leaf, Leaf, Leaf",8
0.65,4,59.3265779993217,77.0434984399691,"numCrashes < 490.5, wind < 15.5450001, numCrashes < 801, propMentions < 0.163863763, numCrashes < 483.5, snow < 1.25, snow < 6.75, Leaf, Leaf, Leaf, Leaf, Leaf, Leaf, Leaf, Leaf",8
0.65,5,59.1495751441993,77.6047328923682,"snow < 5.30000019, numCrashes < 877.5, precip < 0.405000001, propMentions < 0.00941181742, wind < 12.5249996, numCrashes < 1028.5, numCrashes < 424.5, Leaf, Leaf, Leaf, Leaf, Leaf, Leaf, Leaf, Leaf",8
0.65,6,58.957650396037,77.4784997464555,"wind < 20.9150009, wind < 17.3349991, numCrashes < 565, wind < 16.8899994, propMentions < 0.00484287087, precip < 0.0249999985, precip < 0.554999948, Leaf, Leaf, Leaf, Leaf, Leaf, Leaf, Leaf, Leaf",8
0.65,7,58.7850466197347,77.4082361393044,"wind < 27.625, numCrashes < 285.5, precip < 0.469999999, numCrashes < 246.5, propMentions < 0.004454365, wind < 28.6350002, numCrashes < 674, Leaf, Leaf, Leaf, Leaf, Leaf, Leaf, Leaf, Leaf",8
0.65,8,58.4773366016707,76.6664478151214,"propMentions < 0.278673828, numCrashes < 935.5, numCrashes < 485.5, numCrashes < 877.5, numCrashes < 1032, numCrashes < 315.5, Leaf, Leaf, Leaf, Leaf, Leaf, Leaf, Leaf",7
0.65,9,59.0298295796211,77.3367318327291,"snow < 0.0500000007, numCrashes < 629.5, numCrashes < 701.5, precip < 0.185000002, propMentions < 0.0261221845, precip < 0.860000014, numCrashes < 811, Leaf, Leaf, Leaf, Leaf, Leaf, Leaf, Leaf, Leaf",8
0.65,10,59.3294670593562,77.7195602739995,"snow < 2.8499999, snow < 0.649999976, precip < 0.425000012, wind < 27.625, precip < 0.0350000001, wind < 12.3000002, snow < 3.79999995, Leaf, Leaf, Leaf, Leaf, Leaf, Leaf, Leaf, Leaf",8
0.65,11,59.3235194013624,77.6914851443943,"snow < 8.85000038, wind < 18.9000015, Leaf, snow < 3.1500001, propMentions < 0.00209205016, Leaf, Leaf, Leaf, Leaf",5
0.65,12,59.3879389269599,77.8882061055319,"wind < 11.7449999, precip < 2.4749999, numCrashes < 788.5, precip < 0.0549999997, Leaf, numCrashes < 737.5, propMentions < 0.00271739135, Leaf, Leaf, Leaf, Leaf, Leaf, Leaf",7
0.65,13,59.5790179022427,77.92347944313,"numCrashes < 377.5, numCrashes < 372.5, numCrashes < 403.5, propMentions < 0.0226573199, propMentions < 0.111724138, numCrashes < 402.5, propMentions < 0.0118695404, Leaf, Leaf, Leaf, Leaf, Leaf, Leaf, Leaf, Leaf",8
0.65,14,59.6852287705896,78.1307573536085,"wind < 4.58500004, numCrashes < 707, wind < 5.25500011, numCrashes < 599.5, numCrashes < 745.5, precip < 0.0149999997, wind < 21.5849991, Leaf, Leaf, Leaf, Leaf, Leaf, Leaf, Leaf, Leaf",8
0.65,15,59.9894633927369,78.389834316699,"wind < 18.9000015, wind < 18.4549999, numCrashes < 553, numCrashes < 732.5, numCrashes < 719.5, numCrashes < 535.5, precip < 0.0249999985, Leaf, Leaf, Leaf, Leaf, Leaf, Leaf, Leaf, Leaf",8
0.65,16,59.7295060181265,77.8446106022692,"numCrashes < 935.5, numCrashes < 903.5, numCrashes < 1032, snow < 5.30000019, Leaf, Leaf, numCrashes < 1113, Leaf, Leaf, Leaf, Leaf",6
0.65,17,59.9652812938972,78.2193873810972,"propMentions < 0.0061920099, propMentions < 0.00574731641, propMentions < 0.00816340093, wind < 21.5849991, numCrashes < 616, propMentions < 0.00754727749, numCrashes < 756.5, Leaf, Leaf, Leaf, Leaf, Leaf, Leaf, Leaf, Leaf",8
0.65,18,59.9851907063,78.3332397263848,"wind < 21.1399994, wind < 20.6899986, wind < 21.5849991, propMentions < 0.515777886, precip < 0.839999974, numCrashes < 514.5, numCrashes < 531, Leaf, Leaf, Leaf, Leaf, Leaf, Leaf, Leaf, Leaf",8
0.65,19,60.0462485628175,78.4856574930791,"precip < 2.71999979, precip < 1.22500002, wind < 13.8699999, precip < 0.625, wind < 6.5999999, numCrashes < 557, precip < 2.86999989, Leaf, Leaf, Leaf, Leaf, Leaf, Leaf, Leaf, Leaf",8
0.65,20,60.0636537861941,78.6163245359496,"numCrashes < 435.5, numCrashes < 414.5, numCrashes < 448.5, numCrashes < 410, numCrashes < 417.5, wind < 7.26999998, numCrashes < 450.5, Leaf, Leaf, Leaf, Leaf, Leaf, Leaf, Leaf, Leaf",8
0.7,1,159.333053363368,181.016732084443,"numCrashes < 387.5, propMentions < 0.0226573199, numCrashes < 604.5, Leaf, numCrashes < 245.5, propMentions < 0.0206043962, numCrashes < 681.5, Leaf, Leaf, Leaf, Leaf, Leaf, Leaf",7
0.7,2,72.3611718915366,92.2714997523913,"numCrashes < 359.5, numCrashes < 161, numCrashes < 527.5, numCrashes < 130, numCrashes < 306.5, propMentions < 0.0731968433, snow < 0.0500000007, Leaf, Leaf, Leaf, Leaf, Leaf, Leaf, Leaf, Leaf",8
0.7,3,60.4529851152392,78.167952054992,"numCrashes < 338.5, propMentions < 0.312491894, numCrashes < 654.5, propMentions < 0.172902107, numCrashes < 315, precip < 0.185000002, wind < 17.5600014, Leaf, Leaf, Leaf, Leaf, Leaf, Leaf, Leaf, Leaf",8
0.7,4,58.8285712819969,76.7367130164126,"numCrashes < 490.5, wind < 15.3199997, numCrashes < 801, propMentions < 0.282813787, numCrashes < 483.5, snow < 1.25, snow < 6.75, Leaf, Leaf, Leaf, Leaf, Leaf, Leaf, Leaf, Leaf",8
0.7,5,58.947127299943,77.9238615402479,"snow < 5.30000019, numCrashes < 877.5, precip < 0.405000001, snow < 2.8499999, wind < 12.5249996, numCrashes < 1028.5, numCrashes < 424.5, Leaf, Leaf, Leaf, Leaf, Leaf, Leaf, Leaf, Leaf",8
0.7,6,58.5319759199772,77.57663863825,"propMentions < 0.00941181742, propMentions < 0.0061920099, numCrashes < 631.5, numCrashes < 377.5, wind < 18.6749992, numCrashes < 617.5, propMentions < 0.0261221845, Leaf, Leaf, Leaf, Leaf, Leaf, Leaf, Leaf, Leaf",8
0.7,7,58.1202499126566,76.6453930958326,"numCrashes < 935.5, numCrashes < 877.5, numCrashes < 1032, snow < 5.30000019, wind < 14.0950003, Leaf, numCrashes < 1113, Leaf, Leaf, Leaf, Leaf, Leaf, Leaf",7
0.7,8,58.0094257411111,76.5346460414698,"numCrashes < 245.5, numCrashes < 227.5, numCrashes < 283.5, wind < 9.95499992, precip < 0.0399999991, precip < 0.519999981, numCrashes < 304.5, Leaf, Leaf, Leaf, Leaf, Leaf, Leaf, Leaf, Leaf",8
0.7,9,58.1033602559508,76.6603567913947,"wind < 27.625, wind < 21.1399994, wind < 28.6350002, wind < 17.3349991, wind < 21.5849991, precip < 0.25, precip < 0.150000006, Leaf, Leaf, Leaf, Leaf, Leaf, Leaf, Leaf, Leaf",8
0.7,10,58.7711694275804,77.0612044265253,"precip < 0.425000012, snow < 3.6500001, numCrashes < 680.5, precip < 0.344999999, numCrashes < 690, wind < 12.1900005, snow < 0.0500000007, Leaf, Leaf, Leaf, Leaf, Leaf, Leaf, Leaf, Leaf",8
0.7,11,59.2098533555205,77.5027647353171,"numCrashes < 629.5, numCrashes < 620.5, wind < 3.91499996, wind < 7.72000027, precip < 0.00499999989, wind < 3.69000006, propMentions < 0.0261221845, Leaf, Leaf, Leaf, Leaf, Leaf, Leaf, Leaf, Leaf",8
0.7,12,59.2056235327509,77.4869717558311,"snow < 0.649999976, precip < 1.22500002, precip < 0.0350000001, propMentions < 0.00816340093, precip < 1.255, Leaf, precip < 0.829999983, Leaf, Leaf, Leaf, Leaf, Leaf, Leaf",7
0.7,13,59.2570208093803,77.5628943504666,"snow < 8.85000038, numCrashes < 699.5, Leaf, numCrashes < 681.5, propMentions < 0.00206611562, Leaf, Leaf, Leaf, Leaf",5
0.7,14,59.1503571571388,77.5402438006789,"propMentions < 0.004454365, numCrashes < 358.5, numCrashes < 779, numCrashes < 342.5, numCrashes < 361.5, propMentions < 0.00873379037, numCrashes < 797, Leaf, Leaf, Leaf, Leaf, Leaf, Leaf, Leaf, Leaf",8
0.7,15,59.271405205938,77.7849119824486,"numCrashes < 777.5, numCrashes < 773, propMentions < 0.00706934463, precip < 2.71999979, precip < 0.0350000001, wind < 10.625, numCrashes < 831.5, Leaf, Leaf, Leaf, Leaf, Leaf, Leaf, Leaf, Leaf",8
0.7,16,59.288775382958,77.9329093967551,"wind < 11.7449999, numCrashes < 740.5, numCrashes < 660.5, numCrashes < 739.5, numCrashes < 750, precip < 0.0450000018, propMentions < 0.00692049786, Leaf, Leaf, Leaf, Leaf, Leaf, Leaf, Leaf, Leaf",8
0.7,17,59.1947015471059,77.983143802173,"snow < 6.25, snow < 5.6500001, precip < 0.980000019, wind < 4.58500004, Leaf, precip < 0.659999967, precip < 2.11000013, Leaf, Leaf, Leaf, Leaf, Leaf, Leaf",7
0.7,18,59.1903859030437,77.9807743765339,"precip < 2.98000002, precip < 2.71999979, wind < 16.3299999, precip < 2.57999992, numCrashes < 592.5, Leaf, Leaf, Leaf, Leaf, Leaf, Leaf",6
0.7,19,59.5024223891385,78.2122405755476,"numCrashes < 387.5, numCrashes < 372.5, numCrashes < 403.5, numCrashes < 360.5, precip < 0.544999957, wind < 15.6599998, numCrashes < 420.5, Leaf, Leaf, Leaf, Leaf, Leaf, Leaf, Leaf, Leaf",8
0.7,20,59.6300868894079,78.124597899845,"precip < 0.0249999985, snow < 0.150000006, wind < 5.70499992, snow < 0.0500000007, wind < 6.375, wind < 4.80999994, wind < 9.05999947, Leaf, Leaf, Leaf, Leaf, Leaf, Leaf, Leaf, Leaf",8
0.75,1,135.595357472086,157.819049833186,"numCrashes < 387.5, propMentions < 0.0226573199, numCrashes < 604.5, Leaf, numCrashes < 245.5, propMentions < 0.0206043962, numCrashes < 681.5, Leaf, Leaf, Leaf, Leaf, Leaf, Leaf",7
0.75,2,66.4164538453952,85.268825033916,"numCrashes < 359.5, numCrashes < 161, numCrashes < 527.5, numCrashes < 130, numCrashes < 306.5, wind < 15.3199997, snow < 0.0500000007, Leaf, Leaf, Leaf, Leaf, Leaf, Leaf, Leaf, Leaf",8
0.75,3,59.7851754550276,77.7382740159394,"numCrashes < 490.5, propMentions < 0.186773255, numCrashes < 801, snow < 5.30000019, propMentions < 0.280409932, snow < 1.25, snow < 6.75, Leaf, Leaf, Leaf, Leaf, Leaf, Leaf, Leaf, Leaf",8
0.75,4,59.3041526907183,77.2679844430526,"numCrashes < 654.5, precip < 0.185000002, wind < 17.5600014, wind < 27.625, wind < 20.2449989, wind < 16.8899994, precip < 0.0350000001, Leaf, Leaf, Leaf, Leaf, Leaf, Leaf, Leaf, Leaf",8
0.75,5,58.4127297237002,76.7338768163892,"numCrashes < 285.5, numCrashes < 245.5, wind < 20.9150009, propMentions < 0.306656003, precip < 0.519999981, wind < 17.3349991, wind < 21.5849991, Leaf, Leaf, Leaf, Leaf, Leaf, Leaf, Leaf, Leaf",8
0.75,6,58.3035147342776,76.6609611665525,"snow < 8.85000038, snow < 8.25, Leaf, propMentions < 0.00442486536, Leaf, Leaf, Leaf",4
0.75,7,58.2557245827661,76.6567683525588,"propMentions < 0.00928079244, propMentions < 0.0061920099, numCrashes < 631.5, numCrashes < 377.5, wind < 22.4799995, numCrashes < 617.5, propMentions < 0.0261221845, Leaf, Leaf, Leaf, Leaf, Leaf, Leaf, Leaf, Leaf",8
0.75,8,58.7758119893191,77.3524457602083,"precip < 0.425000012, snow < 3.6500001, snow < 3.79999995, numCrashes < 877.5, precip < 0.340000004, snow < 0.0500000007, propMentions < 0.0113844043, Leaf, Leaf, Leaf, Leaf, Leaf, Leaf, Leaf, Leaf",8
0.75,9,58.4688935867084,76.7102855873919,"numCrashes < 935.5, numCrashes < 877.5, numCrashes < 1032, wind < 20.0200005, wind < 14.0950003, Leaf, Leaf, Leaf, Leaf, Leaf, Leaf",6
0.75,10,58.4631482016277,76.8555647596843,"numCrashes < 699.5, numCrashes < 681.5, propMentions < 0.00206611562, snow < 0.649999976, snow < 3.1500001, wind < 11.9699993, propMentions < 0.014095692, Leaf, Leaf, Leaf, Leaf, Leaf, Leaf, Leaf, Leaf",8
0.75,11,58.9021852051683,77.4741874033983,"snow < 2.8499999, snow < 2.5999999, numCrashes < 613.5, wind < 27.625, Leaf, precip < 0.425000012, snow < 3.3499999, Leaf, Leaf, Leaf, Leaf, Leaf, Leaf",7
0.75,12,58.698184290543,77.1629429420241,"numCrashes < 935.5, numCrashes < 877.5, numCrashes < 986.5, numCrashes < 848, wind < 14.0950003, Leaf, Leaf, Leaf, Leaf, Leaf, Leaf",6
0.75,13,59.1342919448326,77.490802116088,"wind < 18.9000015, numCrashes < 600.5, numCrashes < 552.5, numCrashes < 599.5, wind < 18.4549999, precip < 0.0450000018, precip < 0.584999979, Leaf, Leaf, Leaf, Leaf, Leaf, Leaf, Leaf, Leaf",8
0.75,14,59.1800353515324,77.4742991595307,"numCrashes < 743.5, numCrashes < 738.5, propMentions < 0.0079743294, numCrashes < 734.5, propMentions < 0.00647255965, numCrashes < 749.5, wind < 9.61999989, Leaf, Leaf, Leaf, Leaf, Leaf, Leaf, Leaf, Leaf",8
0.75,15,59.2901374553812,77.6264301491904,"wind < 4.58500004, numCrashes < 707, wind < 5.25500011, numCrashes < 599.5, numCrashes < 730, precip < 0.0149999997, numCrashes < 211, Leaf, Leaf, Leaf, Leaf, Leaf, Leaf, Leaf, Leaf",8
0.75,16,59.1258927894931,77.5981468338606,"numCrashes < 162.5, numCrashes < 161, numCrashes < 190.5, propMentions < 0.357758611, Leaf, precip < 0.269999981, numCrashes < 385.5, Leaf, Leaf, Leaf, Leaf, Leaf, Leaf",7
0.75,17,59.29891717845,77.9384250015429,"numCrashes < 777.5, numCrashes < 773, wind < 10.625, numCrashes < 765.5, precip < 0.0350000001, propMentions < 0.00673591578, propMentions < 0.00271739135, Leaf, Leaf, Leaf, Leaf, Leaf, Leaf, Leaf, Leaf",8
0.75,18,59.3486360070741,78.0477608377151,"numCrashes < 935.5, numCrashes < 828, wind < 9.39500046, numCrashes < 817.5, numCrashes < 831.5, Leaf, Leaf, Leaf, Leaf, Leaf, Leaf",6
0.75,19,59.334995626816,77.873767510098,"wind < 28.2999992, wind < 23.8250008, numCrashes < 654.5, wind < 23.375, wind < 24.4949989, Leaf, numCrashes < 792, Leaf, Leaf, Leaf, Leaf, Leaf, Leaf",7
0.75,20,59.3145340040987,77.8200703530337,"numCrashes < 244.5, numCrashes < 231.5, numCrashes < 267.5, numCrashes < 171.5, precip < 0.75, wind < 9.05999947, precip < 0.625, Leaf, Leaf, Leaf, Leaf, Leaf, Leaf, Leaf, Leaf",8
0.8,1,113.456403873237,135.697011482831,"numCrashes < 387.5, propMentions < 0.0226573199, numCrashes < 604.5, Leaf, numCrashes < 245.5, propMentions < 0.0206043962, numCrashes < 681.5, Leaf, Leaf, Leaf, Leaf, Leaf, Leaf",7
0.8,2,62.6206158041367,80.731880414336,"numCrashes < 359.5, numCrashes < 161, numCrashes < 527.5, numCrashes < 130, numCrashes < 310.5, wind < 15.3199997, snow < 0.0500000007, Leaf, Leaf, Leaf, Leaf, Leaf, Leaf, Leaf, Leaf",8
0.8,3,59.7864950771989,77.7165124759984,"propMentions < 0.172902107, numCrashes < 801, numCrashes < 684, snow < 5.30000019, snow < 6.75, wind < 4.80999994, numCrashes < 708.5, Leaf, Leaf, Leaf, Leaf, Leaf, Leaf, Leaf, Leaf",8
0.8,4,59.4081528386459,77.7095773548858,"propMentions < 0.278673828, wind < 17.3349991, numCrashes < 315.5, numCrashes < 654.5, numCrashes < 716, numCrashes < 313.5, numCrashes < 485.5, Leaf, Leaf, Leaf, Leaf, Leaf, Leaf, Leaf, Leaf",8
0.8,5,59.4911257739138,78.370184834945,"wind < 20.9150009, snow < 2.8499999, wind < 21.5849991, numCrashes < 877.5, precip < 0.829999983, numCrashes < 369, numCrashes < 568.5, Leaf, Leaf, Leaf, Leaf, Leaf, Leaf, Leaf, Leaf",8
0.8,6,59.9422944543397,79.4026080674101,"precip < 0.264999986, numCrashes < 942.5, numCrashes < 638.5, numCrashes < 870, Leaf, propMentions < 0.28074038, numCrashes < 775, Leaf, Leaf, Leaf, Leaf, Leaf, Leaf",7
0.8,7,59.3189364278258,79.0275129780909,"numCrashes < 245.5, numCrashes < 227.5, numCrashes < 284.5, wind < 8.61000061, wind < 23.1499996, precip < 0.519999981, numCrashes < 387.5, Leaf, Leaf, Leaf, Leaf, Leaf, Leaf, Leaf, Leaf",8
0.8,8,59.5997464034358,79.4074430785986,"numCrashes < 497.5, numCrashes < 387.5, propMentions < 0.0115943002, numCrashes < 372.5, wind < 15.9950008, propMentions < 0.0061920099, wind < 13.9799995, Leaf, Leaf, Leaf, Leaf, Leaf, Leaf, Leaf, Leaf",8
0.8,9,59.8595746045042,79.6087262158093,"numCrashes < 848, snow < 5.6500001, precip < 0.0799999982, snow < 1.25, snow < 8.85000038, numCrashes < 942.5, numCrashes < 979.5, Leaf, Leaf, Leaf, Leaf, Leaf, Leaf, Leaf, Leaf",8
0.8,10,59.7307378458859,79.3912146817905,"precip < 0.425000012, snow < 4.44999981, numCrashes < 170, precip < 0.344999999, numCrashes < 1028.5, numCrashes < 161, numCrashes < 680.5, Leaf, Leaf, Leaf, Leaf, Leaf, Leaf, Leaf, Leaf",8
0.8,11,59.9538470113219,79.553799251448,"snow < 0.649999976, wind < 27.625, precip < 0.0350000001, numCrashes < 654.5, wind < 28.6350002, numCrashes < 528, precip < 1.13, Leaf, Leaf, Leaf, Leaf, Leaf, Leaf, Leaf, Leaf",8
0.8,12,60.0928069617361,79.7437744919531,"wind < 4.58500004, numCrashes < 707, wind < 5.25500011, numCrashes < 599.5, numCrashes < 745.5, precip < 0.0149999997, numCrashes < 602.5, Leaf, Leaf, Leaf, Leaf, Leaf, Leaf, Leaf, Leaf",8
0.8,13,60.2008374970535,79.6886899266707,"propMentions < 0.0779753774, propMentions < 0.0135440873, numCrashes < 592.5, propMentions < 0.00816340093, propMentions < 0.0147442399, numCrashes < 444.5, numCrashes < 618, Leaf, Leaf, Leaf, Leaf, Leaf, Leaf, Leaf, Leaf",8
0.8,14,60.4237036493611,80.1389787439059,"numCrashes < 828, numCrashes < 811.5, numCrashes < 840, numCrashes < 805.5, precip < 0.00499999989, precip < 0.450000018, wind < 8.05500031, Leaf, Leaf, Leaf, Leaf, Leaf, Leaf, Leaf, Leaf",8
0.8,15,60.8989821560864,80.6706906922342,"wind < 7.72000027, numCrashes < 699.5, numCrashes < 708.5, numCrashes < 687.5, numCrashes < 732.5, numCrashes < 706.5, snow < 0.0500000007, Leaf, Leaf, Leaf, Leaf, Leaf, Leaf, Leaf, Leaf",8
0.8,16,60.7725238894007,80.4819461498704,"numCrashes < 749.5, numCrashes < 743.5, propMentions < 0.0079743294, numCrashes < 738.5, propMentions < 0.00741593493, precip < 1.79499996, propMentions < 0.0101456679, Leaf, Leaf, Leaf, Leaf, Leaf, Leaf, Leaf, Leaf",8
0.8,17,60.6360715668777,80.1291112540417,"snow < 10.6000004, snow < 0.649999976, Leaf, numCrashes < 804.5, precip < 0.0350000001, Leaf, Leaf, Leaf, Leaf",5
0.8,18,60.7362140599143,80.5064366388268,"numCrashes < 828, propMentions < 0.004454365, snow < 1.3499999, numCrashes < 784, numCrashes < 779, propMentions < 0.00719517237, numCrashes < 889.5, Leaf, Leaf, Leaf, Leaf, Leaf, Leaf, Leaf, Leaf",8
0.8,19,60.8598856808517,80.5710125702667,"propMentions < 0.0243014563, propMentions < 0.0167132225, numCrashes < 373.5, propMentions < 0.0153453685, propMentions < 0.0177539662, numCrashes < 372.5, numCrashes < 382, Leaf, Leaf, Leaf, Leaf, Leaf, Leaf, Leaf, Leaf",8
0.8,20,60.9413240179053,80.5596583145365,"wind < 4.58500004, numCrashes < 662.5, precip < 2.71999979, wind < 4.14000034, wind < 3.91499996, precip < 2.57999992, wind < 13.8699999, Leaf, Leaf, Leaf, Leaf, Leaf, Leaf, Leaf, Leaf",8
0.85,1,93.5181711882793,115.271571662853,"numCrashes < 387.5, propMentions < 0.0226573199, numCrashes < 604.5, Leaf, numCrashes < 245.5, propMentions < 0.0206043962, numCrashes < 681.5, Leaf, Leaf, Leaf, Leaf, Leaf, Leaf",7
0.85,2,60.2291874627174,77.9444720722466,"numCrashes < 338.5, numCrashes < 161, numCrashes < 527.5, numCrashes < 159, numCrashes < 306.5, snow < 5.30000019, snow < 0.0500000007, Leaf, Leaf, Leaf, Leaf, Leaf, Leaf, Leaf, Leaf",8
0.85,3,58.9482180214868,77.205705534538,"propMentions < 0.186773255, numCrashes < 801, numCrashes < 684, wind < 17.3349991, snow < 6.75, numCrashes < 543, numCrashes < 708.5, Leaf, Leaf, Leaf, Leaf, Leaf, Leaf, Leaf, Leaf",8
0.85,4,58.0349547663346,76.5992896042596,"propMentions < 0.280409932, numCrashes < 245.5, numCrashes < 315.5, numCrashes < 227.5, numCrashes < 284.5, numCrashes < 313.5, numCrashes < 485.5, Leaf, Leaf, Leaf, Leaf, Leaf, Leaf, Leaf, Leaf",8
0.85,5,58.4761904260795,77.640720769036,"wind < 20.9150009, snow < 2.8499999, wind < 21.5849991, numCrashes < 877.5, precip < 0.829999983, numCrashes < 369, numCrashes < 554, Leaf, Leaf, Leaf, Leaf, Leaf, Leaf, Leaf, Leaf",8
0.85,6,58.9401840811293,78.0766650418542,"snow < 5.6500001, wind < 27.625, snow < 6.25, propMentions < 0.004454365, wind < 28.6350002, Leaf, numCrashes < 701.5, Leaf, Leaf, Leaf, Leaf, Leaf, Leaf",7
0.85,7,58.5669205764244,77.3333541358033,"wind < 13.3099995, numCrashes < 935.5, propMentions < 0.00449494924, numCrashes < 875, Leaf, numCrashes < 378, numCrashes < 471.5, Leaf, Leaf, Leaf, Leaf, Leaf, Leaf",7
0.85,8,59.1564950802056,77.7565605570448,"precip < 0.185000002, numCrashes < 654.5, numCrashes < 699.5, numCrashes < 602.5, propMentions < 0.0018726592, propMentions < 0.358634591, wind < 19.7999992, Leaf, Leaf, Leaf, Leaf, Leaf, Leaf, Leaf, Leaf",8
0.85,9,59.5480420718639,78.0817517447285,"numCrashes < 497.5, numCrashes < 387.5, propMentions < 0.0115943002, numCrashes < 369.5, wind < 15.9950008, propMentions < 0.0061920099, wind < 8.38999939, Leaf, Leaf, Leaf, Leaf, Leaf, Leaf, Leaf, Leaf",8
0.85,10,59.758031591406,78.4455062983161,"numCrashes < 699.5, wind < 14.6499996, wind < 4.0250001, numCrashes < 692.5, precip < 1.14999998, Leaf, wind < 18.4549999, Leaf, Leaf, Leaf, Leaf, Leaf, Leaf",7
0.85,11,59.9616173993191,78.8311448028134,"snow < 8.85000038, snow < 5.6500001, Leaf, snow < 1.25, precip < 0.284999996, Leaf, Leaf, Leaf, Leaf",5
0.85,12,60.0190858700005,78.8577383388153,"wind < 23.8250008, propMentions < 0.515777886, wind < 24.0499992, wind < 23.375, numCrashes < 113.5, Leaf, numCrashes < 407, Leaf, Leaf, Leaf, Leaf, Leaf, Leaf",7
0.85,13,59.9791622631656,78.6273207945849,"snow < 0.649999976, numCrashes < 848, precip < 0.0350000001, numCrashes < 828, propMentions < 0.00337837846, numCrashes < 528, precip < 0.584999979, Leaf, Leaf, Leaf, Leaf, Leaf, Leaf, Leaf, Leaf",8
0.85,14,60.0439038769952,78.6471645049401,"propMentions < 0.00816340093, propMentions < 0.00754727749, numCrashes < 746, numCrashes < 171, numCrashes < 487.5, numCrashes < 646.5, wind < 10.625, Leaf, Leaf, Leaf, Leaf, Leaf, Leaf, Leaf, Leaf",8
0.85,15,59.8394274594161,78.5511939680223,"numCrashes < 602.5, wind < 4.58500004, propMentions < 0.0261221845, wind < 4.14000034, wind < 5.93000031, wind < 6.1500001, numCrashes < 618, Leaf, Leaf, Leaf, Leaf, Leaf, Leaf, Leaf, Leaf",8
0.85,16,59.8184454593752,78.5103144974995,"numCrashes < 743.5, numCrashes < 738.5, numCrashes < 749.5, numCrashes < 734.5, propMentions < 0.00647255965, wind < 11.8549995, propMentions < 0.00493961386, Leaf, Leaf, Leaf, Leaf, Leaf, Leaf, Leaf, Leaf",8
0.85,17,59.5543217588528,78.4389530733321,"wind < 5.25500011, numCrashes < 527.5, wind < 6.1500001, numCrashes < 287.5, numCrashes < 548, numCrashes < 610, wind < 6.375, Leaf, Leaf, Leaf, Leaf, Leaf, Leaf, Leaf, Leaf",8
0.85,18,59.6689392803925,78.7817287094799,"numCrashes < 777.5, numCrashes < 773, wind < 10.625, numCrashes < 758.5, precip < 0.0350000001, propMentions < 0.00673591578, precip < 1.42499995, Leaf, Leaf, Leaf, Leaf, Leaf, Leaf, Leaf, Leaf",8
0.85,19,59.2451464836233,78.2505288283939,"numCrashes < 935.5, numCrashes < 689.5, numCrashes < 986.5, numCrashes < 688.5, numCrashes < 692.5, Leaf, numCrashes < 1032, Leaf, Leaf, Leaf, Leaf, Leaf, Leaf",7
0.85,20,59.3002857339793,78.2938478930397,"precip < 0.275000006, numCrashes < 811.5, precip < 0.324999988, wind < 7.72000027, numCrashes < 843, wind < 6.5999999, wind < 10.625, Leaf, Leaf, Leaf, Leaf, Leaf, Leaf, Leaf, Leaf",8
0.9,1,76.9730386593072,97.6136740096301,"numCrashes < 387.5, propMentions < 0.0226573199, numCrashes < 604.5, Leaf, numCrashes < 245.5, propMentions < 0.0206043962, numCrashes < 681.5, Leaf, Leaf, Leaf, Leaf, Leaf, Leaf",7
0.9,2,60.1051365894637,78.0708645481346,"numCrashes < 497.5, numCrashes < 161, snow < 1.5, Leaf, numCrashes < 310.5, numCrashes < 801, numCrashes < 684, Leaf, Leaf, Leaf, Leaf, Leaf, Leaf",7
0.9,3,60.112308708905,79.1900896561858,"snow < 5.30000019, wind < 17.3349991, precip < 0.405000001, numCrashes < 875, numCrashes < 716, numCrashes < 1028.5, numCrashes < 424.5, Leaf, Leaf, Leaf, Leaf, Leaf, Leaf, Leaf, Leaf",8
0.9,4,60.2467354835548,79.0335433298236,"numCrashes < 531.5, numCrashes < 387.5, wind < 21.1399994, numCrashes < 369.5, wind < 15.9950008, wind < 11.2950001, propMentions < 0.00238095247, Leaf, Leaf, Leaf, Leaf, Leaf, Leaf, Leaf, Leaf",8
0.9,5,59.7005347265986,78.7189854177773,"propMentions < 0.278673828, numCrashes < 245.5, precip < 0.100000001, numCrashes < 227.5, numCrashes < 284.5, precip < 0.0450000018, numCrashes < 170, Leaf, Leaf, Leaf, Leaf, Leaf, Leaf, Leaf, Leaf",8
0.9,6,59.7023572874774,78.7328060692856,"propMentions < 0.00519484002, numCrashes < 171, numCrashes < 748.5, numCrashes < 161, snow < 1.25, numCrashes < 649.5, propMentions < 0.0079743294, Leaf, Leaf, Leaf, Leaf, Leaf, Leaf, Leaf, Leaf",8
0.9,7,60.1006554664649,79.420066817287,"precip < 0.264999986, numCrashes < 734.5, numCrashes < 638.5, numCrashes < 602.5, numCrashes < 942.5, propMentions < 0.187060043, snow < 2.95000005, Leaf, Leaf, Leaf, Leaf, Leaf, Leaf, Leaf, Leaf",8
0.9,8,60.5717177367563,79.9205349976143,"numCrashes < 654.5, numCrashes < 651.5, snow < 0.0500000007, precip < 2.71999979, wind < 15.8799992, numCrashes < 699.5, numCrashes < 811, Leaf, Leaf, Leaf, Leaf, Leaf, Leaf, Leaf, Leaf",8
0.9,9,60.043668756344,78.9075834815419,"numCrashes < 935.5, snow < 5.30000019, numCrashes < 1032, numCrashes < 877.5, numCrashes < 295.5, Leaf, numCrashes < 1113, Leaf, Leaf, Leaf, Leaf, Leaf, Leaf",7
0.9,10,60.0794103086876,79.0813920718612,"wind < 27.625, wind < 4.58500004, snow < 4.1500001, numCrashes < 707, wind < 5.25500011, wind < 28.6350002, Leaf, Leaf, Leaf, Leaf, Leaf, Leaf, Leaf",7
0.9,11,60.1949028992301,79.0901305979855,"precip < 2.0999999, snow < 3.1500001, wind < 13.8699999, snow < 0.649999976, precip < 1.13, numCrashes < 320, precip < 2.58500004, Leaf, Leaf, Leaf, Leaf, Leaf, Leaf, Leaf, Leaf",8
0.9,12,60.1074709211077,78.9852429831373,"wind < 21.5849991, wind < 21.1399994, wind < 21.8100014, snow < 5.30000019, propMentions < 0.00715600047, numCrashes < 522, numCrashes < 683.5, Leaf, Leaf, Leaf, Leaf, Leaf, Leaf, Leaf, Leaf",8
0.9,13,60.3111561930238,79.1965258039858,"propMentions < 0.479377091, numCrashes < 377.5, numCrashes < 113.5, numCrashes < 372.5, numCrashes < 403.5, numCrashes < 100, numCrashes < 198, Leaf, Leaf, Leaf, Leaf, Leaf, Leaf, Leaf, Leaf",8
0.9,14,60.5577037604572,79.5094916499939,"propMentions < 0.172902107, numCrashes < 435.5, numCrashes < 708.5, precip < 0.665000021, numCrashes < 448.5, numCrashes < 634.5, numCrashes < 744.5, Leaf, Leaf, Leaf, Leaf, Leaf, Leaf, Leaf, Leaf",8
0.9,15,60.7985859574943,79.5480148655512,"precip < 0.425000012, snow < 3.6500001, wind < 10.8500004, precip < 0.344999999, numCrashes < 453.5, numCrashes < 751.5, numCrashes < 794, Leaf, Leaf, Leaf, Leaf, Leaf, Leaf, Leaf, Leaf",8
0.9,16,60.833662906891,79.7421569225115,"precip < 1.22500002, precip < 1.11500001, numCrashes < 568, snow < 6.75, wind < 6.93500042, precip < 1.25, wind < 18.3450012, Leaf, Leaf, Leaf, Leaf, Leaf, Leaf, Leaf, Leaf",8
0.9,17,60.8766320327233,79.8091348310597,"snow < 1.25, snow < 0.649999976, wind < 7.04500008, propMentions < 0.00941181742, precip < 0.0350000001, precip < 0.170000002, numCrashes < 236, Leaf, Leaf, Leaf, Leaf, Leaf, Leaf, Leaf, Leaf",8
0.9,18,60.9065398982006,79.8160511542387,"numCrashes < 743.5, numCrashes < 738.5, numCrashes < 749.5, numCrashes < 734.5, propMentions < 0.00671897549, wind < 11.8549995, wind < 7.72000027, Leaf, Leaf, Leaf, Leaf, Leaf, Leaf, Leaf, Leaf",8
0.9,19,60.9444193534663,79.9921241964232,"numCrashes < 828, numCrashes < 822.5, precip < 0.795000017, numCrashes < 471.5, Leaf, precip < 0.355000019, precip < 1, Leaf, Leaf, Leaf, Leaf, Leaf, Leaf",7
0.9,20,61.0223275734286,80.0532675449467,"wind < 2.46000004, Leaf, wind < 3.46999979, numCrashes < 599.5, precip < 0.194999993, Leaf, Leaf, Leaf, Leaf",5
0.95,1,65.6816461121507,84.4768948629488,"numCrashes < 387.5, propMentions < 0.0226573199, numCrashes < 604.5, Leaf, numCrashes < 245.5, propMentions < 0.0206043962, numCrashes < 681.5, Leaf, Leaf, Leaf, Leaf, Leaf, Leaf",7
0.95,2,59.2528029568677,76.8200374071255,"propMentions < 0.172902107, numCrashes < 527.5, numCrashes < 161, numCrashes < 387.5, snow < 1.5, Leaf, numCrashes < 684, Leaf, Leaf, Leaf, Leaf, Leaf, Leaf",7
0.95,3,59.30583179643,77.4683986489248,"numCrashes < 801, snow < 5.30000019, snow < 6.75, wind < 17.3349991, numCrashes < 435, snow < 1.3499999, Leaf, Leaf, Leaf, Leaf, Leaf, Leaf, Leaf",7
0.95,4,58.2235495092834,76.7279415430527,"numCrashes < 306.5, numCrashes < 245.5, numCrashes < 602.5, propMentions < 0.306656003, numCrashes < 284.5, propMentions < 0.00416673906, snow < 0.0500000007, Leaf, Leaf, Leaf, Leaf, Leaf, Leaf, Leaf, Leaf",8
0.95,5,58.9376228407686,77.5665177787698,"wind < 20.9150009, precip < 0.275000006, wind < 21.5849991, numCrashes < 870, wind < 19.5750008, numCrashes < 369, propMentions < 0.00289017335, Leaf, Leaf, Leaf, Leaf, Leaf, Leaf, Leaf, Leaf",8
0.95,6,59.2237208512029,77.8037031234539,"numCrashes < 497.5, numCrashes < 387.5, propMentions < 0.0115943002, numCrashes < 368.5, wind < 15.9950008, propMentions < 0.0061920099, propMentions < 0.0135440873, Leaf, Leaf, Leaf, Leaf, Leaf, Leaf, Leaf, Leaf",8
0.95,7,59.0038871013472,77.664532910931,"propMentions < 0.176263466, numCrashes < 401, numCrashes < 634.5, numCrashes < 377.5, numCrashes < 427.5, numCrashes < 617.5, numCrashes < 708.5, Leaf, Leaf, Leaf, Leaf, Leaf, Leaf, Leaf, Leaf",8
0.95,8,59.4605969959879,78.0858901411234,"numCrashes < 699.5, numCrashes < 654.5, wind < 18.4549999, numCrashes < 608.5, wind < 9.51000023, wind < 4.0250001, wind < 22.7049999, Leaf, Leaf, Leaf, Leaf, Leaf, Leaf, Leaf, Leaf",8
0.95,9,59.5824226416978,78.1625516510905,"wind < 18.9000015, snow < 3.1500001, numCrashes < 552.5, numCrashes < 942.5, numCrashes < 500.5, precip < 0.0249999985, propMentions < 0.00542487483, Leaf, Leaf, Leaf, Leaf, Leaf, Leaf, Leaf, Leaf",8
0.95,10,59.3025675806506,78.027618581102,"wind < 28.2999992, numCrashes < 227.5, numCrashes < 600.5, numCrashes < 162.5, numCrashes < 244.5, numCrashes < 450.5, Leaf, Leaf, Leaf, Leaf, Leaf, Leaf, Leaf",7
0.95,11,59.4489770898678,78.2991115585111,"precip < 2.71999979, precip < 2.00500011, wind < 13.8699999, numCrashes < 828, numCrashes < 561, numCrashes < 557, precip < 2.86999989, Leaf, Leaf, Leaf, Leaf, Leaf, Leaf, Leaf, Leaf",8
0.95,12,59.6392060077836,78.9282167442909,"numCrashes < 840, numCrashes < 828, precip < 0.0799999982, numCrashes < 822.5, precip < 0.180000007, numCrashes < 942.5, numCrashes < 979.5, Leaf, Leaf, Leaf, Leaf, Leaf, Leaf, Leaf, Leaf",8
0.95,13,59.768893838516,79.161814825415,"propMentions < 0.515777886, wind < 4.58500004, numCrashes < 113.5, numCrashes < 174, wind < 5.25500011, Leaf, Leaf, Leaf, Leaf, Leaf, Leaf",6
0.95,14,59.7093845423806,79.1477337432022,"wind < 23.8250008, wind < 23.375, wind < 24.0499992, snow < 5.6500001, precip < 0.0199999996, Leaf, precip < 1.73500001, Leaf, Leaf, Leaf, Leaf, Leaf, Leaf",7
0.95,15,59.6720364011567,79.080588985586,"snow < 8.10000038, snow < 6.85000038, precip < 0.659999967, wind < 16.6650009, Leaf, Leaf, wind < 21.0250015, Leaf, Leaf, Leaf, Leaf",6
0.95,16,59.6593186138886,79.1118416198605,"numCrashes < 672.5, numCrashes < 668.5, numCrashes < 679.5, precip < 0.185000002, propMentions < 0.00331125828, precip < 0.0149999997, precip < 0.344999999, Leaf, Leaf, Leaf, Leaf, Leaf, Leaf, Leaf, Leaf",8
0.95,17,59.505636017898,79.0867007365257,"precip < 0.0549999997, snow < 0.899999976, wind < 6.1500001, snow < 0.150000006, numCrashes < 624.5, numCrashes < 603, numCrashes < 794.5, Leaf, Leaf, Leaf, Leaf, Leaf, Leaf, Leaf, Leaf",8
0.95,18,59.4292238357619,78.8918927020984,"numCrashes < 811.5, numCrashes < 805.5, precip < 1.10000002, numCrashes < 804.5, precip < 0.0649999976, propMentions < 0.00682665408, numCrashes < 851.5, Leaf, Leaf, Leaf, Leaf, Leaf, Leaf, Leaf, Leaf",8
0.95,19,59.802246431999,79.2144240777067,"wind < 11.5200005, numCrashes < 732.5, numCrashes < 540.5, snow < 0.25, propMentions < 0.00760467257, numCrashes < 331.5, numCrashes < 543.5, Leaf, Leaf, Leaf, Leaf, Leaf, Leaf, Leaf, Leaf",8
0.95,20,59.79783664196,79.3521388120556,"snow < 1.25, snow < 0.649999976, precip < 0.61500001, wind < 18.9000015, numCrashes < 615.5, propMentions < 0.00632935204, snow < 6.25, Leaf, Leaf, Leaf, Leaf, Leaf, Leaf, Leaf, Leaf",8
1,1,60.6236530172414,78.1747615777885,"numCrashes < 387.5, propMentions < 0.0226573199, numCrashes < 604.5, Leaf, numCrashes < 245.5, propMentions < 0.0206043962, numCrashes < 681.5, Leaf, Leaf, Leaf, Leaf, Leaf, Leaf",7
1,2,59.5920288010771,77.4852749327064,"propMentions < 0.244599849, propMentions < 0.004454365, numCrashes < 684, numCrashes < 502.5, numCrashes < 306.5, numCrashes < 161, numCrashes < 708.5, Leaf, Leaf, Leaf, Leaf, Leaf, Leaf, Leaf, Leaf",8
1,3,58.2699620289168,76.8638297258756,"numCrashes < 245.5, propMentions < 0.306656003, numCrashes < 284.5, numCrashes < 227.5, numCrashes < 155.5, precip < 0.519999981, wind < 17.3349991, Leaf, Leaf, Leaf, Leaf, Leaf, Leaf, Leaf, Leaf",8
1,4,58.6119235936057,77.247994078201,"numCrashes < 602.5, precip < 0.63499999, snow < 0.0500000007, numCrashes < 531.5, snow < 4.69999981, numCrashes < 801, numCrashes < 811, Leaf, Leaf, Leaf, Leaf, Leaf, Leaf, Leaf, Leaf",8
1,5,58.0526058403729,75.8515163940911,"numCrashes < 387.5, numCrashes < 359.5, propMentions < 0.00928079244, propMentions < 0.00316455704, snow < 0.150000006, wind < 20.9150009, numCrashes < 422, Leaf, Leaf, Leaf, Leaf, Leaf, Leaf, Leaf, Leaf",8
1,6,59.5059293925469,78.5697205539029,"snow < 2.8499999, numCrashes < 877.5, precip < 0.425000012, wind < 27.625, wind < 12.5249996, wind < 7.82499981, numCrashes < 437.5, Leaf, Leaf, Leaf, Leaf, Leaf, Leaf, Leaf, Leaf",8
1,7,58.6253381738522,76.7824875122221,"numCrashes < 935.5, snow < 5.30000019, wind < 12.5249996, snow < 4.4000001, snow < 8.10000038, Leaf, precip < 0.620000005, Leaf, Leaf, Leaf, Leaf, Leaf, Leaf",7
1,8,58.9710684339401,77.6025840615067,"numCrashes < 638.5, precip < 0.185000002, precip < 0.145000011, wind < 22.4799995, numCrashes < 598.5, numCrashes < 689.5, wind < 19.5750008, Leaf, Leaf, Leaf, Leaf, Leaf, Leaf, Leaf, Leaf",8
1,9,59.2567728728496,78.324992547918,"wind < 21.1399994, wind < 11.5200005, numCrashes < 527.5, precip < 0.574999988, numCrashes < 793.5, numCrashes < 429.5, propMentions < 0.00238095247, Leaf, Leaf, Leaf, Leaf, Leaf, Leaf, Leaf, Leaf",8
1,10,59.0377775295615,78.1384816518967,"numCrashes < 608.5, wind < 4.58500004, propMentions < 0.0261221845, wind < 4.14000034, wind < 5.93000031, wind < 6.1500001, Leaf, Leaf, Leaf, Leaf, Leaf, Leaf, Leaf",7
1,11,59.7043405918065,79.0992665681003,"numCrashes < 654.5, numCrashes < 651.5, wind < 11.9699993, precip < 2.71999979, wind < 15.8799992, propMentions < 0.0018726592, numCrashes < 660.5, Leaf, Leaf, Leaf, Leaf, Leaf, Leaf, Leaf, Leaf",8
1,12,59.8494912133428,79.5279524504709,"wind < 11.0699997, numCrashes < 764.5, wind < 11.2950001, numCrashes < 740.5, propMentions < 0.0079743294, numCrashes < 523.5, wind < 21.5849991, Leaf, Leaf, Leaf, Leaf, Leaf, Leaf, Leaf, Leaf",8
1,13,60.3570763348359,80.1626529357746,"numCrashes < 435.5, numCrashes < 403.5, numCrashes < 448.5, numCrashes < 388.5, precip < 0.0249999985, wind < 7.26999998, propMentions < 0.0167132225, Leaf, Leaf, Leaf, Leaf, Leaf, Leaf, Leaf, Leaf",8
1,14,60.3006946958345,80.0962995272142,"wind < 23.8250008, wind < 23.375, wind < 24.0499992, propMentions < 0.163863763, precip < 0.0199999996, Leaf, numCrashes < 271.5, Leaf, Leaf, Leaf, Leaf, Leaf, Leaf",7
1,15,60.7921647508743,80.497887569645,"precip < 0.264999986, snow < 6.8499999, precip < 0.344999999, numCrashes < 870, Leaf, numCrashes < 547.5, precip < 0.425000012, Leaf, Leaf, Leaf, Leaf, Leaf, Leaf",7
1,16,60.8853255774587,80.6619866683479,"precip < 1.22500002, precip < 1.17499995, wind < 6.5999999, snow < 1.25, wind < 7.15500021, numCrashes < 673, precip < 1.255, Leaf, Leaf, Leaf, Leaf, Leaf, Leaf, Leaf, Leaf",8
1,17,60.607941406701,80.2159238598521,"snow < 3.30000019, snow < 3.1500001, precip < 0.370000005, numCrashes < 942.5, Leaf, snow < 4.30000019, wind < 12.6399994, Leaf, Leaf, Leaf, Leaf, Leaf, Leaf",7
1,18,60.7519009406931,80.5529263424549,"numCrashes < 828, numCrashes < 817.5, wind < 8.05500031, wind < 24.4949989, precip < 0.344999999, Leaf, precip < 0.795000017, Leaf, Leaf, Leaf, Leaf, Leaf, Leaf",7
1,19,61.5700684909163,81.0255707744582,"wind < 18.9000015, wind < 18.4549999, numCrashes < 565, wind < 5.25500011, numCrashes < 719.5, numCrashes < 535.5, numCrashes < 579, Leaf, Leaf, Leaf, Leaf, Leaf, Leaf, Leaf, Leaf",8
1,20,61.849297114781,81.929007639085,"numCrashes < 762.5, numCrashes < 755.5, wind < 10.625, numCrashes < 699.5, wind < 11.4050007, wind < 10.3999996, wind < 12.1900005, Leaf, Leaf, Leaf, Leaf, Leaf, Leaf, Leaf, Leaf",8
