eta,N,MAD,RMSE,labels,num.leaves
0,1,509.7832512,535.114972,"numCrashes < 387.5, propMentions < 0.0226573199, numCrashes < 604.5, Leaf, numCrashes < 245.5, propMentions < 0.0206043962, numCrashes < 681.5, Leaf, Leaf, Leaf, Leaf, Leaf, Leaf",7
0,2,509.7832512,535.114972,"numCrashes < 387.5, propMentions < 0.0226573199, numCrashes < 604.5, Leaf, numCrashes < 245.5, propMentions < 0.0206043962, numCrashes < 681.5, Leaf, Leaf, Leaf, Leaf, Leaf, Leaf",7
0,3,509.7832512,535.114972,"numCrashes < 387.5, propMentions < 0.0226573199, numCrashes < 604.5, Leaf, numCrashes < 245.5, propMentions < 0.0206043962, numCrashes < 681.5, Leaf, Leaf, Leaf, Leaf, Leaf, Leaf",7
0,4,509.7832512,535.114972,"numCrashes < 387.5, propMentions < 0.0226573199, numCrashes < 604.5, Leaf, numCrashes < 245.5, propMentions < 0.0206043962, numCrashes < 681.5, Leaf, Leaf, Leaf, Leaf, Leaf, Leaf",7
0,5,509.7832512,535.114972,"numCrashes < 387.5, propMentions < 0.0226573199, numCrashes < 604.5, Leaf, numCrashes < 245.5, propMentions < 0.0206043962, numCrashes < 681.5, Leaf, Leaf, Leaf, Leaf, Leaf, Leaf",7
0,6,509.7832512,535.114972,"numCrashes < 387.5, propMentions < 0.0226573199, numCrashes < 604.5, Leaf, numCrashes < 245.5, propMentions < 0.0206043962, numCrashes < 681.5, Leaf, Leaf, Leaf, Leaf, Leaf, Leaf",7
0,7,509.7832512,535.114972,"numCrashes < 387.5, propMentions < 0.0226573199, numCrashes < 604.5, Leaf, numCrashes < 245.5, propMentions < 0.0206043962, numCrashes < 681.5, Leaf, Leaf, Leaf, Leaf, Leaf, Leaf",7
0,8,509.7832512,535.114972,"numCrashes < 387.5, propMentions < 0.0226573199, numCrashes < 604.5, Leaf, numCrashes < 245.5, propMentions < 0.0206043962, numCrashes < 681.5, Leaf, Leaf, Leaf, Leaf, Leaf, Leaf",7
0,9,509.7832512,535.114972,"numCrashes < 387.5, propMentions < 0.0226573199, numCrashes < 604.5, Leaf, numCrashes < 245.5, propMentions < 0.0206043962, numCrashes < 681.5, Leaf, Leaf, Leaf, Leaf, Leaf, Leaf",7
0,10,509.7832512,535.114972,"numCrashes < 387.5, propMentions < 0.0226573199, numCrashes < 604.5, Leaf, numCrashes < 245.5, propMentions < 0.0206043962, numCrashes < 681.5, Leaf, Leaf, Leaf, Leaf, Leaf, Leaf",7
0,11,509.7832512,535.114972,"numCrashes < 387.5, propMentions < 0.0226573199, numCrashes < 604.5, Leaf, numCrashes < 245.5, propMentions < 0.0206043962, numCrashes < 681.5, Leaf, Leaf, Leaf, Leaf, Leaf, Leaf",7
0,12,509.7832512,535.114972,"numCrashes < 387.5, propMentions < 0.0226573199, numCrashes < 604.5, Leaf, numCrashes < 245.5, propMentions < 0.0206043962, numCrashes < 681.5, Leaf, Leaf, Leaf, Leaf, Leaf, Leaf",7
0,13,509.7832512,535.114972,"numCrashes < 387.5, propMentions < 0.0226573199, numCrashes < 604.5, Leaf, numCrashes < 245.5, propMentions < 0.0206043962, numCrashes < 681.5, Leaf, Leaf, Leaf, Leaf, Leaf, Leaf",7
0,14,509.7832512,535.114972,"numCrashes < 387.5, propMentions < 0.0226573199, numCrashes < 604.5, Leaf, numCrashes < 245.5, propMentions < 0.0206043962, numCrashes < 681.5, Leaf, Leaf, Leaf, Leaf, Leaf, Leaf",7
0,15,509.7832512,535.114972,"numCrashes < 387.5, propMentions < 0.0226573199, numCrashes < 604.5, Leaf, numCrashes < 245.5, propMentions < 0.0206043962, numCrashes < 681.5, Leaf, Leaf, Leaf, Leaf, Leaf, Leaf",7
0,16,509.7832512,535.114972,"numCrashes < 387.5, propMentions < 0.0226573199, numCrashes < 604.5, Leaf, numCrashes < 245.5, propMentions < 0.0206043962, numCrashes < 681.5, Leaf, Leaf, Leaf, Leaf, Leaf, Leaf",7
0,17,509.7832512,535.114972,"numCrashes < 387.5, propMentions < 0.0226573199, numCrashes < 604.5, Leaf, numCrashes < 245.5, propMentions < 0.0206043962, numCrashes < 681.5, Leaf, Leaf, Leaf, Leaf, Leaf, Leaf",7
0,18,509.7832512,535.114972,"numCrashes < 387.5, propMentions < 0.0226573199, numCrashes < 604.5, Leaf, numCrashes < 245.5, propMentions < 0.0206043962, numCrashes < 681.5, Leaf, Leaf, Leaf, Leaf, Leaf, Leaf",7
0,19,509.7832512,535.114972,"numCrashes < 387.5, propMentions < 0.0226573199, numCrashes < 604.5, Leaf, numCrashes < 245.5, propMentions < 0.0206043962, numCrashes < 681.5, Leaf, Leaf, Leaf, Leaf, Leaf, Leaf",7
0,20,509.7832512,535.114972,"numCrashes < 387.5, propMentions < 0.0226573199, numCrashes < 604.5, Leaf, numCrashes < 245.5, propMentions < 0.0206043962, numCrashes < 681.5, Leaf, Leaf, Leaf, Leaf, Leaf, Leaf",7
0.05,1,484.65022,509.2635963,"numCrashes < 387.5, propMentions < 0.0226573199, numCrashes < 604.5, Leaf, numCrashes < 245.5, propMentions < 0.0206043962, numCrashes < 681.5, Leaf, Leaf, Leaf, Leaf, Leaf, Leaf",7
0.05,2,460.7712756,484.7313916,"numCrashes < 387.5, propMentions < 0.0226573199, numCrashes < 604.5, Leaf, numCrashes < 245.5, propMentions < 0.0206043962, numCrashes < 681.5, Leaf, Leaf, Leaf, Leaf, Leaf, Leaf",7
0.05,3,438.0225852,461.4079839,"numCrashes < 391.5, propMentions < 0.0226573199, numCrashes < 605.5, Leaf, numCrashes < 227.5, numCrashes < 527.5, numCrashes < 681.5, Leaf, Leaf, Leaf, Leaf, Leaf, Leaf",7
0.05,4,416.4683967,439.3231832,"numCrashes < 387.5, propMentions < 0.0226573199, numCrashes < 604.5, Leaf, numCrashes < 245.5, propMentions < 0.0206043962, numCrashes < 681.5, Leaf, Leaf, Leaf, Leaf, Leaf, Leaf",7
0.05,5,395.9381559,418.3408365,"numCrashes < 391.5, propMentions < 0.0226573199, numCrashes < 605.5, Leaf, numCrashes < 227.5, numCrashes < 525.5, snow < 7.5, Leaf, Leaf, Leaf, Leaf, Leaf, Leaf",7
0.05,6,376.522545,398.4878871,"numCrashes < 372.5, numCrashes < 284.5, numCrashes < 604.5, propMentions < 0.306656003, propMentions < 0.0226573199, propMentions < 0.0206043962, numCrashes < 681.5, Leaf, Leaf, Leaf, Leaf, Leaf, Leaf, Leaf, Leaf",8
0.05,7,358.0807537,379.6554686,"numCrashes < 372.5, numCrashes < 285.5, numCrashes < 604.5, propMentions < 0.292071104, propMentions < 0.0226573199, propMentions < 0.0206043962, snow < 0.0500000007, Leaf, Leaf, Leaf, Leaf, Leaf, Leaf, Leaf, Leaf",8
0.05,8,340.4924644,361.7583369,"numCrashes < 391.5, propMentions < 0.0226573199, numCrashes < 605.5, Leaf, numCrashes < 251.5, numCrashes < 527.5, numCrashes < 681.5, Leaf, Leaf, Leaf, Leaf, Leaf, Leaf",7
0.05,9,323.8288719,344.8236146,"numCrashes < 372.5, numCrashes < 285.5, numCrashes < 605.5, propMentions < 0.306656003, propMentions < 0.0226573199, propMentions < 0.0206043962, snow < 0.0500000007, Leaf, Leaf, Leaf, Leaf, Leaf, Leaf, Leaf, Leaf",8
0.05,10,308.0343905,328.7988865,"numCrashes < 372.5, numCrashes < 284.5, numCrashes < 604.5, numCrashes < 161, propMentions < 0.0226573199, propMentions < 0.023392614, numCrashes < 681.5, Leaf, Leaf, Leaf, Leaf, Leaf, Leaf, Leaf, Leaf",8
0.05,11,292.9898423,313.596964,"numCrashes < 372.5, numCrashes < 227.5, numCrashes < 604.5, numCrashes < 161, propMentions < 0.0226573199, propMentions < 0.0206043962, numCrashes < 654.5, Leaf, Leaf, Leaf, Leaf, Leaf, Leaf, Leaf, Leaf",8
0.05,12,278.6833081,299.1715204,"numCrashes < 391.5, numCrashes < 306.5, numCrashes < 605.5, numCrashes < 199, propMentions < 0.0117958589, numCrashes < 524.5, snow < 0.0500000007, Leaf, Leaf, Leaf, Leaf, Leaf, Leaf, Leaf, Leaf",8
0.05,13,265.1887669,285.5469468,"numCrashes < 372.5, numCrashes < 267.5, numCrashes < 604.5, propMentions < 0.292071104, propMentions < 0.0226573199, propMentions < 0.0206043962, numCrashes < 681.5, Leaf, Leaf, Leaf, Leaf, Leaf, Leaf, Leaf, Leaf",8
0.05,14,252.3338222,272.613852,"numCrashes < 391.5, numCrashes < 315.5, numCrashes < 605.5, numCrashes < 191.5, propMentions < 0.0117958589, numCrashes < 497.5, snow < 0.0500000007, Leaf, Leaf, Leaf, Leaf, Leaf, Leaf, Leaf, Leaf",8
0.05,15,240.1559087,260.3787504,"numCrashes < 372.5, numCrashes < 285.5, numCrashes < 531.5, propMentions < 0.292071104, propMentions < 0.0226573199, propMentions < 0.0339429528, numCrashes < 654.5, Leaf, Leaf, Leaf, Leaf, Leaf, Leaf, Leaf, Leaf",8
0.05,16,228.5924635,248.8077151,"numCrashes < 372.5, numCrashes < 285.5, numCrashes < 531.5, numCrashes < 161, propMentions < 0.0226573199, propMentions < 0.0339429528, numCrashes < 654.5, Leaf, Leaf, Leaf, Leaf, Leaf, Leaf, Leaf, Leaf",8
0.05,17,217.5601318,237.8276908,"numCrashes < 369.5, numCrashes < 240.5, numCrashes < 531.5, numCrashes < 161, propMentions < 0.0226573199, propMentions < 0.0731968433, numCrashes < 654.5, Leaf, Leaf, Leaf, Leaf, Leaf, Leaf, Leaf, Leaf",8
0.05,18,207.0258702,227.402458,"numCrashes < 403.5, numCrashes < 315.5, numCrashes < 625.5, propMentions < 0.306656003, propMentions < 0.0117958589, numCrashes < 527.5, propMentions < 0.0261221845, Leaf, Leaf, Leaf, Leaf, Leaf, Leaf, Leaf, Leaf",8
0.05,19,197.085204,217.6114476,"numCrashes < 369.5, numCrashes < 267.5, numCrashes < 604.5, numCrashes < 161, propMentions < 0.0226573199, propMentions < 0.0206043962, snow < 0.0500000007, Leaf, Leaf, Leaf, Leaf, Leaf, Leaf, Leaf, Leaf",8
0.05,20,187.6311558,208.3254038,"numCrashes < 403.5, numCrashes < 315.5, numCrashes < 629.5, numCrashes < 199, propMentions < 0.0117958589, numCrashes < 520.5, propMentions < 0.0261221845, Leaf, Leaf, Leaf, Leaf, Leaf, Leaf, Leaf, Leaf",8
0.1,1,459.5171889,483.4437071,"numCrashes < 387.5, propMentions < 0.0226573199, numCrashes < 604.5, Leaf, numCrashes < 245.5, propMentions < 0.0206043962, numCrashes < 681.5, Leaf, Leaf, Leaf, Leaf, Leaf, Leaf",7
0.1,2,414.1452116,436.9635318,"numCrashes < 391.5, propMentions < 0.0226573199, numCrashes < 605.5, Leaf, numCrashes < 227.5, numCrashes < 527.5, numCrashes < 681.5, Leaf, Leaf, Leaf, Leaf, Leaf, Leaf",7
0.1,3,373.5008479,395.3812764,"numCrashes < 372.5, numCrashes < 284.5, numCrashes < 604.5, propMentions < 0.306656003, propMentions < 0.0226573199, propMentions < 0.0206043962, numCrashes < 681.5, Leaf, Leaf, Leaf, Leaf, Leaf, Leaf, Leaf, Leaf",8
0.1,4,336.7819686,357.9909221,"numCrashes < 390, propMentions < 0.0226573199, numCrashes < 605.5, Leaf, numCrashes < 245.5, numCrashes < 525.5, snow < 0.0500000007, Leaf, Leaf, Leaf, Leaf, Leaf, Leaf",7
0.1,5,303.8754081,324.5880291,"numCrashes < 372.5, numCrashes < 285.5, numCrashes < 604.5, propMentions < 0.292071104, propMentions < 0.0226573199, propMentions < 0.0206043962, numCrashes < 681.5, Leaf, Leaf, Leaf, Leaf, Leaf, Leaf, Leaf, Leaf",8
0.1,6,274.2716574,294.6923388,"numCrashes < 372.5, numCrashes < 267.5, numCrashes < 604.5, numCrashes < 161, propMentions < 0.0226573199, propMentions < 0.023392614, snow < 0.0500000007, Leaf, Leaf, Leaf, Leaf, Leaf, Leaf, Leaf, Leaf",8
0.1,7,247.7202644,267.9478024,"numCrashes < 391.5, numCrashes < 310.5, numCrashes < 605.5, numCrashes < 199, propMentions < 0.0117958589, numCrashes < 497.5, numCrashes < 654.5, Leaf, Leaf, Leaf, Leaf, Leaf, Leaf, Leaf, Leaf",8
0.1,8,223.8448075,244.0480186,"numCrashes < 372.5, numCrashes < 285.5, numCrashes < 531.5, numCrashes < 161, propMentions < 0.0226573199, propMentions < 0.0339429528, numCrashes < 654.5, Leaf, Leaf, Leaf, Leaf, Leaf, Leaf, Leaf, Leaf",8
0.1,9,202.2259925,222.672603,"numCrashes < 369.5, numCrashes < 227.5, numCrashes < 605.5, numCrashes < 161, propMentions < 0.0226573199, propMentions < 0.0206043962, snow < 0.0500000007, Leaf, Leaf, Leaf, Leaf, Leaf, Leaf, Leaf, Leaf",8
0.1,10,182.7442016,203.5595177,"numCrashes < 403.5, numCrashes < 315.5, numCrashes < 629.5, propMentions < 0.306656003, propMentions < 0.0117958589, numCrashes < 531.5, propMentions < 0.0261221845, Leaf, Leaf, Leaf, Leaf, Leaf, Leaf, Leaf, Leaf",8
0.1,11,165.3954803,186.6392383,"numCrashes < 403.5, numCrashes < 315.5, numCrashes < 629.5, numCrashes < 191.5, propMentions < 0.0117958589, numCrashes < 520.5, propMentions < 0.0261221845, Leaf, Leaf, Leaf, Leaf, Leaf, Leaf, Leaf, Leaf",8
0.1,12,150.0461172,171.7594028,"numCrashes < 369.5, numCrashes < 251.5, numCrashes < 567.5, numCrashes < 161, propMentions < 0.172252744, propMentions < 0.0199710466, numCrashes < 681.5, Leaf, Leaf, Leaf, Leaf, Leaf, Leaf, Leaf, Leaf",8
0.1,13,136.454866,158.6219456,"numCrashes < 403.5, numCrashes < 306.5, numCrashes < 638.5, propMentions < 0.292071104, propMentions < 0.0117958589, propMentions < 0.0147442399, snow < 0.0500000007, Leaf, Leaf, Leaf, Leaf, Leaf, Leaf, Leaf, Leaf",8
0.1,14,124.620974,147.0371551,"numCrashes < 359.5, numCrashes < 240.5, numCrashes < 531.5, numCrashes < 161, propMentions < 0.171444118, propMentions < 0.0339429528, numCrashes < 681.5, Leaf, Leaf, Leaf, Leaf, Leaf, Leaf, Leaf, Leaf",8
0.1,15,114.4541928,136.8663433,"numCrashes < 359.5, numCrashes < 257.5, numCrashes < 531.5, propMentions < 0.306656003, propMentions < 0.174912587, propMentions < 0.0339429528, numCrashes < 681.5, Leaf, Leaf, Leaf, Leaf, Leaf, Leaf, Leaf, Leaf",8
0.1,16,105.4919163,127.8738009,"numCrashes < 403.5, propMentions < 0.0623234436, numCrashes < 625.5, precip < 0.234999999, numCrashes < 306.5, numCrashes < 490.5, snow < 0.0500000007, Leaf, Leaf, Leaf, Leaf, Leaf, Leaf, Leaf, Leaf",8
0.1,17,97.87421519,120.1433524,"propMentions < 0.0265460033, numCrashes < 654.5, numCrashes < 341.5, precip < 0.420000017, wind < 17.5600014, numCrashes < 211, precip < 0.305000007, Leaf, Leaf, Leaf, Leaf, Leaf, Leaf, Leaf, Leaf",8
0.1,18,91.37455738,113.4229006,"propMentions < 0.0265460033, numCrashes < 681.5, numCrashes < 341.5, numCrashes < 520.5, snow < 6.75, numCrashes < 161, precip < 0.305000007, Leaf, Leaf, Leaf, Leaf, Leaf, Leaf, Leaf, Leaf",8
0.1,19,85.82278972,107.6334893,"propMentions < 0.0265460033, numCrashes < 654.5, numCrashes < 343.5, precip < 0.625, wind < 17.5600014, numCrashes < 227.5, numCrashes < 684, Leaf, Leaf, Leaf, Leaf, Leaf, Leaf, Leaf, Leaf",8
0.1,20,81.22878198,102.7936496,"numCrashes < 403.5, numCrashes < 285.5, numCrashes < 801, propMentions < 0.286692768, snow < 0.25, numCrashes < 497.5, snow < 6.75, Leaf, Leaf, Leaf, Leaf, Leaf, Leaf, Leaf, Leaf",8
0.15,1,434.3841568,457.6606328,"numCrashes < 387.5, propMentions < 0.0226573199, numCrashes < 604.5, Leaf, numCrashes < 245.5, propMentions < 0.0206043962, numCrashes < 681.5, Leaf, Leaf, Leaf, Leaf, Leaf, Leaf",7
0.15,2,370.0955984,391.968104,"numCrashes < 391.5, propMentions < 0.0226573199, numCrashes < 605.5, Leaf, numCrashes < 227.5, numCrashes < 527.5, numCrashes < 681.5, Leaf, Leaf, Leaf, Leaf, Leaf, Leaf",7
0.15,3,315.6666034,336.5641955,"numCrashes < 372.5, numCrashes < 284.5, numCrashes < 604.5, propMentions < 0.306656003, propMentions < 0.0226573199, propMentions < 0.0206043962, snow < 0.0500000007, Leaf, Leaf, Leaf, Leaf, Leaf, Leaf, Leaf, Leaf",8
0.15,4,269.5205976,289.9267603,"numCrashes < 372.5, numCrashes < 285.5, numCrashes < 605.5, numCrashes < 161, propMentions < 0.0226573199, propMentions < 0.023392614, numCrashes < 681.5, Leaf, Leaf, Leaf, Leaf, Leaf, Leaf, Leaf, Leaf",8
0.15,5,230.2875067,250.5410252,"numCrashes < 391.5, numCrashes < 315.5, numCrashes < 605.5, numCrashes < 199, propMentions < 0.0117958589, numCrashes < 524.5, snow < 0.0500000007, Leaf, Leaf, Leaf, Leaf, Leaf, Leaf, Leaf, Leaf",8
0.15,6,196.9564832,217.5329332,"numCrashes < 372.5, numCrashes < 251.5, numCrashes < 531.5, propMentions < 0.306656003, propMentions < 0.0226573199, propMentions < 0.0339429528, numCrashes < 654.5, Leaf, Leaf, Leaf, Leaf, Leaf, Leaf, Leaf, Leaf",8
0.15,7,168.7164082,189.878177,"numCrashes < 369.5, numCrashes < 267.5, numCrashes < 629.5, numCrashes < 161, propMentions < 0.0623234436, propMentions < 0.0206043962, propMentions < 0.0261221845, Leaf, Leaf, Leaf, Leaf, Leaf, Leaf, Leaf, Leaf",8
0.15,8,145.2830294,167.1432869,"numCrashes < 403.5, numCrashes < 306.5, numCrashes < 567.5, propMentions < 0.292071104, propMentions < 0.0117958589, propMentions < 0.0147090629, numCrashes < 681.5, Leaf, Leaf, Leaf, Leaf, Leaf, Leaf, Leaf, Leaf",8
0.15,9,126.0268548,148.3448847,"numCrashes < 359.5, numCrashes < 240.5, numCrashes < 531.5, numCrashes < 161, propMentions < 0.171444118, propMentions < 0.0339429528, numCrashes < 654.5, Leaf, Leaf, Leaf, Leaf, Leaf, Leaf, Leaf, Leaf",8
0.15,10,110.5455855,132.8858588,"numCrashes < 403.5, numCrashes < 315.5, numCrashes < 625.5, propMentions < 0.279513896, snow < 4.44999981, numCrashes < 497.5, snow < 0.0500000007, Leaf, Leaf, Leaf, Leaf, Leaf, Leaf, Leaf, Leaf",8
0.15,11,98.23425355,120.4723716,"numCrashes < 359.5, numCrashes < 253.5, propMentions < 0.0185974203, numCrashes < 161, propMentions < 0.171444118, numCrashes < 654.5, numCrashes < 491.5, Leaf, Leaf, Leaf, Leaf, Leaf, Leaf, Leaf, Leaf",8
0.15,12,88.45085875,110.4336354,"propMentions < 0.0265460033, numCrashes < 681.5, numCrashes < 341.5, numCrashes < 520.5, wind < 18.0100002, numCrashes < 191.5, numCrashes < 684, Leaf, Leaf, Leaf, Leaf, Leaf, Leaf, Leaf, Leaf",8
0.15,13,81.03797018,102.6765325,"numCrashes < 403.5, propMentions < 0.119322032, numCrashes < 497.5, snow < 0.0500000007, numCrashes < 306.5, wind < 15.9950008, numCrashes < 801, Leaf, Leaf, Leaf, Leaf, Leaf, Leaf, Leaf, Leaf",8
0.15,14,75.5057275,96.40329611,"propMentions < 0.0265460033, numCrashes < 629.5, numCrashes < 343.5, precip < 0.245000005, snow < 6.75, numCrashes < 161, numCrashes < 684, Leaf, Leaf, Leaf, Leaf, Leaf, Leaf, Leaf, Leaf",8
0.15,15,71.52665977,91.60340154,"propMentions < 0.0265460033, numCrashes < 681.5, numCrashes < 330.5, propMentions < 0.004454365, wind < 18.0100002, propMentions < 0.273409396, precip < 0.479999989, Leaf, Leaf, Leaf, Leaf, Leaf, Leaf, Leaf, Leaf",8
0.15,16,68.61346304,87.97979467,"propMentions < 0.0230782889, numCrashes < 801, numCrashes < 491.5, snow < 5.30000019, snow < 6.75, numCrashes < 267.5, numCrashes < 671.5, Leaf, Leaf, Leaf, Leaf, Leaf, Leaf, Leaf, Leaf",8
0.15,17,66.38268708,85.14987201,"numCrashes < 490.5, propMentions < 0.148292825, propMentions < 0.0118695404, wind < 15.3199997, numCrashes < 480.5, propMentions < 0.0061920099, wind < 8.38999939, Leaf, Leaf, Leaf, Leaf, Leaf, Leaf, Leaf, Leaf",8
0.15,18,64.66443446,82.98185046,"numCrashes < 484.5, propMentions < 0.0579111278, numCrashes < 801, precip < 0.574999988, numCrashes < 227.5, snow < 1.25, snow < 6.25, Leaf, Leaf, Leaf, Leaf, Leaf, Leaf, Leaf, Leaf",8
0.15,19,63.22694085,81.23264403,"propMentions < 0.0147442399, numCrashes < 531.5, numCrashes < 295.5, precip < 0.61500001, snow < 1.5, wind < 10.1800003, precip < 0.305000007, Leaf, Leaf, Leaf, Leaf, Leaf, Leaf, Leaf, Leaf",8
0.15,20,62.1693393,80.03231345,"propMentions < 0.00941181742, propMentions < 0.0061920099, numCrashes < 285.5, wind < 17.3349991, wind < 18.6749992, wind < 10.1800003, precip < 0.00499999989, Leaf, Leaf, Leaf, Leaf, Leaf, Leaf, Leaf, Leaf",8
0.2,1,409.2511265,431.9209684,"numCrashes < 387.5, propMentions < 0.0226573199, numCrashes < 604.5, Leaf, numCrashes < 245.5, propMentions < 0.0206043962, numCrashes < 681.5, Leaf, Leaf, Leaf, Leaf, Leaf, Leaf",7
0.2,2,328.5109071,349.6749619,"numCrashes < 391.5, propMentions < 0.0226573199, numCrashes < 605.5, Leaf, numCrashes < 227.5, numCrashes < 527.5, snow < 0.0500000007, Leaf, Leaf, Leaf, Leaf, Leaf, Leaf",7
0.2,3,264.3666645,284.7616379,"numCrashes < 372.5, numCrashes < 285.5, numCrashes < 604.5, propMentions < 0.292071104, propMentions < 0.0226573199, propMentions < 0.0206043962, numCrashes < 681.5, Leaf, Leaf, Leaf, Leaf, Leaf, Leaf, Leaf, Leaf",8
0.2,4,213.3251696,233.6739945,"numCrashes < 372.5, numCrashes < 284.5, numCrashes < 605.5, numCrashes < 161, propMentions < 0.0226573199, propMentions < 0.023392614, numCrashes < 654.5, Leaf, Leaf, Leaf, Leaf, Leaf, Leaf, Leaf, Leaf",8
0.2,5,172.2995165,193.3532945,"numCrashes < 369.5, numCrashes < 199, numCrashes < 531.5, numCrashes < 161, numCrashes < 315.5, propMentions < 0.0731968433, numCrashes < 654.5, Leaf, Leaf, Leaf, Leaf, Leaf, Leaf, Leaf, Leaf",8
0.2,6,140.094378,162.0977962,"numCrashes < 403.5, numCrashes < 310.5, numCrashes < 625.5, propMentions < 0.306656003, propMentions < 0.0117958589, numCrashes < 497.5, propMentions < 0.0261221845, Leaf, Leaf, Leaf, Leaf, Leaf, Leaf, Leaf, Leaf",8
0.2,7,115.9075133,138.284596,"numCrashes < 359.5, numCrashes < 260.5, numCrashes < 531.5, numCrashes < 161, propMentions < 0.171444118, propMentions < 0.0339429528, snow < 1.5, Leaf, Leaf, Leaf, Leaf, Leaf, Leaf, Leaf, Leaf",8
0.2,8,98.23273008,120.5002199,"numCrashes < 359.5, numCrashes < 267.5, numCrashes < 567.5, propMentions < 0.283130914, propMentions < 0.171444118, propMentions < 0.0147090629, numCrashes < 681.5, Leaf, Leaf, Leaf, Leaf, Leaf, Leaf, Leaf, Leaf",8
0.2,9,85.51931849,107.3464109,"numCrashes < 403.5, propMentions < 0.0645235926, numCrashes < 629.5, numCrashes < 377.5, numCrashes < 306.5, precip < 0.420000017, snow < 0.0500000007, Leaf, Leaf, Leaf, Leaf, Leaf, Leaf, Leaf, Leaf",8
0.2,10,76.54958915,97.71843551,"propMentions < 0.0265460033, numCrashes < 681.5, numCrashes < 341.5, propMentions < 0.004454365, wind < 18.0100002, numCrashes < 191.5, numCrashes < 684, Leaf, Leaf, Leaf, Leaf, Leaf, Leaf, Leaf, Leaf",8
0.2,11,70.9976102,91.04603041,"propMentions < 0.0265460033, numCrashes < 801, numCrashes < 491.5, numCrashes < 520.5, snow < 6.75, numCrashes < 161, numCrashes < 671.5, Leaf, Leaf, Leaf, Leaf, Leaf, Leaf, Leaf, Leaf",8
0.2,12,67.13039034,86.21164911,"numCrashes < 484.5, propMentions < 0.0579111278, propMentions < 0.0118695404, precip < 0.574999988, numCrashes < 251.5, propMentions < 0.0061920099, precip < 1.01499999, Leaf, Leaf, Leaf, Leaf, Leaf, Leaf, Leaf, Leaf",8
0.2,13,64.66917637,83.11496487,"propMentions < 0.0230782889, numCrashes < 801, numCrashes < 330.5, snow < 6.75, snow < 6.75, propMentions < 0.273409396, precip < 0.305000007, Leaf, Leaf, Leaf, Leaf, Leaf, Leaf, Leaf, Leaf",8
0.2,14,62.87434793,80.88673777,"numCrashes < 490.5, wind < 15.5450001, propMentions < 0.0116619067, propMentions < 0.0579111278, numCrashes < 483.5, propMentions < 0.0061920099, wind < 8.38999939, Leaf, Leaf, Leaf, Leaf, Leaf, Leaf, Leaf, Leaf",8
0.2,15,61.70849166,79.50203992,"numCrashes < 494.5, wind < 15.3199997, numCrashes < 801, propMentions < 0.163863763, precip < 1.25, snow < 1.25, snow < 6.25, Leaf, Leaf, Leaf, Leaf, Leaf, Leaf, Leaf, Leaf",8
0.2,16,60.84469195,78.52609196,"propMentions < 0.00928079244, propMentions < 0.0061920099, numCrashes < 267.5, wind < 17.3349991, wind < 18.6749992, wind < 9.72999954, precip < 0.00499999989, Leaf, Leaf, Leaf, Leaf, Leaf, Leaf, Leaf, Leaf",8
0.2,17,60.15864732,77.8237283,"numCrashes < 497.5, snow < 5.30000019, wind < 11.5200005, snow < 3.0999999, numCrashes < 435, numCrashes < 661.5, numCrashes < 793.5, Leaf, Leaf, Leaf, Leaf, Leaf, Leaf, Leaf, Leaf",8
0.2,18,59.70563687,77.40612749,"propMentions < 0.00816340093, propMentions < 0.00754727749, numCrashes < 756.5, numCrashes < 784, propMentions < 0.00784325786, propMentions < 0.252042353, propMentions < 0.0101456679, Leaf, Leaf, Leaf, Leaf, Leaf, Leaf, Leaf, Leaf",8
0.2,19,59.30817676,76.98917295,"numCrashes < 330.5, propMentions < 0.119331874, snow < 5.30000019, snow < 0.850000024, wind < 19.125, snow < 1.5, precip < 0.420000017, Leaf, Leaf, Leaf, Leaf, Leaf, Leaf, Leaf, Leaf",8
0.2,20,59.09865946,76.91388736,"numCrashes < 567.5, precip < 0.185000002, snow < 1.5, wind < 22.9300003, wind < 20.1350002, numCrashes < 877.5, snow < 3.3499999, Leaf, Leaf, Leaf, Leaf, Leaf, Leaf, Leaf, Leaf",8
0.25,1,384.1180986,406.2329668,"numCrashes < 387.5, propMentions < 0.0226573199, numCrashes < 604.5, Leaf, numCrashes < 245.5, propMentions < 0.0206043962, numCrashes < 681.5, Leaf, Leaf, Leaf, Leaf, Leaf, Leaf",7
0.25,2,289.8333605,310.4971808,"numCrashes < 372.5, numCrashes < 227.5, numCrashes < 605.5, numCrashes < 161, propMentions < 0.0226573199, propMentions < 0.023392614, snow < 0.0500000007, Leaf, Leaf, Leaf, Leaf, Leaf, Leaf, Leaf, Leaf",8
0.25,3,219.4554138,239.8112489,"numCrashes < 391.5, numCrashes < 285.5, numCrashes < 531.5, propMentions < 0.292071104, propMentions < 0.0226573199, wind < 15.9950008, numCrashes < 654.5, Leaf, Leaf, Leaf, Leaf, Leaf, Leaf, Leaf, Leaf",8
0.25,4,166.7239045,187.9805296,"numCrashes < 369.5, numCrashes < 306.5, numCrashes < 527.5, numCrashes < 191.5, propMentions < 0.0117958589, propMentions < 0.0339429528, numCrashes < 681.5, Leaf, Leaf, Leaf, Leaf, Leaf, Leaf, Leaf, Leaf",8
0.25,5,128.514349,150.8949979,"numCrashes < 403.5, numCrashes < 315.5, numCrashes < 604.5, propMentions < 0.306656003, propMentions < 0.0117958589, propMentions < 0.0147090629, snow < 0.0500000007, Leaf, Leaf, Leaf, Leaf, Leaf, Leaf, Leaf, Leaf",8
0.25,6,102.6220295,124.9654194,"numCrashes < 359.5, numCrashes < 267.5, numCrashes < 497.5, numCrashes < 161, propMentions < 0.171444118, propMentions < 0.0565717146, numCrashes < 638.5, Leaf, Leaf, Leaf, Leaf, Leaf, Leaf, Leaf, Leaf",8
0.25,7,85.61260024,107.4987011,"numCrashes < 359.5, numCrashes < 284.5, numCrashes < 567.5, propMentions < 0.286692768, snow < 0.950000048, precip < 0.629999995, numCrashes < 801, Leaf, Leaf, Leaf, Leaf, Leaf, Leaf, Leaf, Leaf",8
0.25,8,75.05589858,95.76614053,"propMentions < 0.0265460033, numCrashes < 681.5, numCrashes < 341.5, propMentions < 0.004454365, wind < 18.0100002, numCrashes < 161, numCrashes < 684, Leaf, Leaf, Leaf, Leaf, Leaf, Leaf, Leaf, Leaf",8
0.25,9,68.83430263,88.15890473,"propMentions < 0.0230782889, numCrashes < 629.5, numCrashes < 330.5, snow < 5.30000019, snow < 6.75, propMentions < 0.119331874, precip < 0.479999989, Leaf, Leaf, Leaf, Leaf, Leaf, Leaf, Leaf, Leaf",8
0.25,10,65.15188343,83.52366804,"numCrashes < 490.5, propMentions < 0.185880393, propMentions < 0.0118695404, wind < 15.3199997, numCrashes < 480.5, propMentions < 0.0061920099, wind < 8.38999939, Leaf, Leaf, Leaf, Leaf, Leaf, Leaf, Leaf, Leaf",8
0.25,11,62.91831512,80.82197791,"propMentions < 0.0779753774, numCrashes < 801, numCrashes < 671.5, snow < 6.75, snow < 6.75, numCrashes < 491.5, numCrashes < 708.5, Leaf, Leaf, Leaf, Leaf, Leaf, Leaf, Leaf, Leaf",8
0.25,12,61.57867589,79.3670895,"numCrashes < 494.5, wind < 15.5450001, snow < 1.5, numCrashes < 266.5, numCrashes < 483.5, numCrashes < 877.5, precip < 0.625, Leaf, Leaf, Leaf, Leaf, Leaf, Leaf, Leaf, Leaf",8
0.25,13,60.65005674,78.36528546,"propMentions < 0.00928079244, propMentions < 0.0061920099, propMentions < 0.278673828, wind < 17.3349991, wind < 18.6749992, precip < 0.00499999989, precip < 0.100000001, Leaf, Leaf, Leaf, Leaf, Leaf, Leaf, Leaf, Leaf",8
0.25,14,59.89171582,77.64968245,"numCrashes < 520.5, snow < 5.30000019, wind < 11.5200005, snow < 3.0999999, numCrashes < 435, numCrashes < 661.5, wind < 21.1399994, Leaf, Leaf, Leaf, Leaf, Leaf, Leaf, Leaf, Leaf",8
0.25,15,59.56092421,77.35679245,"propMentions < 0.00816340093, propMentions < 0.00754727749, numCrashes < 746, numCrashes < 784, propMentions < 0.00784325786, numCrashes < 715, wind < 10.625, Leaf, Leaf, Leaf, Leaf, Leaf, Leaf, Leaf, Leaf",8
0.25,16,59.36862919,77.26027907,"numCrashes < 310.5, wind < 10.1800003, snow < 1.5, propMentions < 0.0652482286, wind < 21.5849991, numCrashes < 877.5, precip < 0.829999983, Leaf, Leaf, Leaf, Leaf, Leaf, Leaf, Leaf, Leaf",8
0.25,17,59.18873371,77.12021051,"numCrashes < 502.5, precip < 1.25, propMentions < 0.0116619067, snow < 3.0999999, propMentions < 0.012820513, wind < 11.5200005, precip < 1.01499999, Leaf, Leaf, Leaf, Leaf, Leaf, Leaf, Leaf, Leaf",8
0.25,18,59.04019879,77.03258191,"snow < 5.30000019, snow < 2.1500001, precip < 0.405000001, wind < 27.625, precip < 0.834999979, Leaf, snow < 6.25, Leaf, Leaf, Leaf, Leaf, Leaf, Leaf",7
0.25,19,59.08772105,77.17091899,"precip < 0.264999986, numCrashes < 680.5, numCrashes < 646.5, numCrashes < 673.5, precip < 0.204999998, numCrashes < 607.5, wind < 19.5750008, Leaf, Leaf, Leaf, Leaf, Leaf, Leaf, Leaf, Leaf",8
0.25,20,59.05802583,77.18316404,"numCrashes < 828, numCrashes < 211, numCrashes < 840, wind < 23.9349995, wind < 20.9150009, precip < 0.450000018, precip < 0.0799999982, Leaf, Leaf, Leaf, Leaf, Leaf, Leaf, Leaf, Leaf",8
0.3,1,358.9850624,380.6070772,"numCrashes < 387.5, propMentions < 0.0226573199, numCrashes < 604.5, Leaf, numCrashes < 245.5, propMentions < 0.0206043962, numCrashes < 681.5, Leaf, Leaf, Leaf, Leaf, Leaf, Leaf",7
0.3,2,253.6030186,273.9517047,"numCrashes < 372.5, numCrashes < 285.5, numCrashes < 605.5, propMentions < 0.306656003, propMentions < 0.0226573199, propMentions < 0.023392614, snow < 0.0500000007, Leaf, Leaf, Leaf, Leaf, Leaf, Leaf, Leaf, Leaf",8
0.3,3,180.1303929,201.1055301,"numCrashes < 394.5, numCrashes < 315.5, numCrashes < 531.5, numCrashes < 199, propMentions < 0.0117958589, wind < 15.9950008, numCrashes < 654.5, Leaf, Leaf, Leaf, Leaf, Leaf, Leaf, Leaf, Leaf",8
0.3,4,129.9430829,152.1681174,"numCrashes < 369.5, numCrashes < 161, numCrashes < 527.5, propMentions < 0.226398602, propMentions < 0.0623234436, propMentions < 0.0731968433, numCrashes < 681.5, Leaf, Leaf, Leaf, Leaf, Leaf, Leaf, Leaf, Leaf",8
0.3,5,98.60637454,120.8246718,"numCrashes < 359.5, numCrashes < 227.5, numCrashes < 497.5, numCrashes < 161, propMentions < 0.170012042, propMentions < 0.0565717146, propMentions < 0.0118695404, Leaf, Leaf, Leaf, Leaf, Leaf, Leaf, Leaf, Leaf",8
0.3,6,80.04877126,101.441373,"numCrashes < 359.5, numCrashes < 267.5, numCrashes < 629.5, propMentions < 0.255580008, propMentions < 0.171444118, precip < 0.245000005, snow < 0.0500000007, Leaf, Leaf, Leaf, Leaf, Leaf, Leaf, Leaf, Leaf",8
0.3,7,70.21703421,90.06476457,"propMentions < 0.0265460033, numCrashes < 681.5, numCrashes < 306.5, propMentions < 0.004454365, wind < 18.0100002, propMentions < 0.292071104, numCrashes < 684, Leaf, Leaf, Leaf, Leaf, Leaf, Leaf, Leaf, Leaf",8
0.3,8,65.22230007,83.72790034,"numCrashes < 490.5, propMentions < 0.0226573199, numCrashes < 801, precip < 0.574999988, numCrashes < 480.5, snow < 1.25, snow < 6.75, Leaf, Leaf, Leaf, Leaf, Leaf, Leaf, Leaf, Leaf",8
0.3,9,62.44081007,80.36458632,"numCrashes < 484.5, numCrashes < 330.5, numCrashes < 801, propMentions < 0.119331874, precip < 1.25, propMentions < 0.0118695404, snow < 6.75, Leaf, Leaf, Leaf, Leaf, Leaf, Leaf, Leaf, Leaf",8
0.3,10,60.8499365,78.54789833,"propMentions < 0.0230782889, snow < 5.30000019, numCrashes < 671.5, snow < 2.1500001, precip < 0.420000017, numCrashes < 601.5, numCrashes < 708.5, Leaf, Leaf, Leaf, Leaf, Leaf, Leaf, Leaf, Leaf",8
0.3,11,60.03556245,77.61203931,"numCrashes < 567.5, wind < 15.3199997, propMentions < 0.00522196759, numCrashes < 266.5, precip < 0.0450000018, wind < 12.1900005, propMentions < 0.0097563304, Leaf, Leaf, Leaf, Leaf, Leaf, Leaf, Leaf, Leaf",8
0.3,12,59.34112147,77.00210121,"numCrashes < 520.5, snow < 5.30000019, wind < 21.1399994, snow < 3.0999999, numCrashes < 435, wind < 17.3349991, propMentions < 0.00238095247, Leaf, Leaf, Leaf, Leaf, Leaf, Leaf, Leaf, Leaf",8
0.3,13,59.16843452,76.87513991,"numCrashes < 638.5, precip < 0.185000002, precip < 0.145000011, wind < 27.625, numCrashes < 285, numCrashes < 870, wind < 19.5750008, Leaf, Leaf, Leaf, Leaf, Leaf, Leaf, Leaf, Leaf",8
0.3,14,59.08668112,76.82850001,"numCrashes < 828, propMentions < 0.278673828, numCrashes < 840, snow < 5.30000019, precip < 0.114999995, precip < 0.450000018, precip < 0.0799999982, Leaf, Leaf, Leaf, Leaf, Leaf, Leaf, Leaf, Leaf",8
0.3,15,58.99755593,76.71568731,"propMentions < 0.0230782889, numCrashes < 377.5, numCrashes < 684, numCrashes < 358.5, numCrashes < 398.5, wind < 10.8500004, numCrashes < 708.5, Leaf, Leaf, Leaf, Leaf, Leaf, Leaf, Leaf, Leaf",8
0.3,16,58.90094844,76.74331775,"numCrashes < 828, snow < 1.25, snow < 6.25, snow < 0.649999976, precip < 0.829999983, snow < 1.3499999, numCrashes < 1060.5, Leaf, Leaf, Leaf, Leaf, Leaf, Leaf, Leaf, Leaf",8
0.3,17,58.86457565,76.71306825,"numCrashes < 161, propMentions < 0.226398602, numCrashes < 162.5, Leaf, precip < 0.00499999989, Leaf, numCrashes < 679.5, Leaf, Leaf, Leaf, Leaf",6
0.3,18,58.81833513,76.70459653,"precip < 2.71999979, precip < 2.57999992, precip < 2.86999989, wind < 17.3349991, Leaf, Leaf, numCrashes < 721, Leaf, Leaf, Leaf, Leaf",6
0.3,19,58.8392013,76.85263235,"wind < 20.9150009, wind < 17.3349991, wind < 21.5849991, numCrashes < 777.5, propMentions < 0.00484287087, wind < 21.1399994, numCrashes < 554, Leaf, Leaf, Leaf, Leaf, Leaf, Leaf, Leaf, Leaf",8
0.3,20,58.82195113,76.81579235,"propMentions < 0.479377091, wind < 28.2999992, numCrashes < 198, wind < 21.1399994, wind < 28.6350002, propMentions < 0.533163249, wind < 15.6599998, Leaf, Leaf, Leaf, Leaf, Leaf, Leaf, Leaf, Leaf",8
0.35,1,333.8520406,355.056772,"numCrashes < 387.5, propMentions < 0.0226573199, numCrashes < 604.5, Leaf, numCrashes < 245.5, propMentions < 0.0206043962, numCrashes < 681.5, Leaf, Leaf, Leaf, Leaf, Leaf, Leaf",7
0.35,2,219.6720009,240.188,"numCrashes < 372.5, numCrashes < 199, numCrashes < 605.5, numCrashes < 161, propMentions < 0.0226573199, propMentions < 0.023392614, snow < 0.0500000007, Leaf, Leaf, Leaf, Leaf, Leaf, Leaf, Leaf, Leaf",8
0.35,3,146.5174484,168.4221944,"numCrashes < 403.5, numCrashes < 306.5, numCrashes < 531.5, propMentions < 0.292071104, propMentions < 0.0117958589, wind < 15.9950008, numCrashes < 654.5, Leaf, Leaf, Leaf, Leaf, Leaf, Leaf, Leaf, Leaf",8
0.35,4,102.9240922,125.3343861,"numCrashes < 359.5, numCrashes < 284.5, numCrashes < 524.5, propMentions < 0.292071104, propMentions < 0.174801588, propMentions < 0.0339429528, numCrashes < 681.5, Leaf, Leaf, Leaf, Leaf, Leaf, Leaf, Leaf, Leaf",8
0.35,5,79.34659152,100.8390585,"propMentions < 0.0265460033, numCrashes < 629.5, numCrashes < 341.5, precip < 0.245000005, snow < 6.75, numCrashes < 227.5, numCrashes < 684, Leaf, Leaf, Leaf, Leaf, Leaf, Leaf, Leaf, Leaf",8
0.35,6,68.66773938,88.16735529,"numCrashes < 490.5, propMentions < 0.0579111278, numCrashes < 801, precip < 0.574999988, numCrashes < 285.5, snow < 1.25, snow < 6.75, Leaf, Leaf, Leaf, Leaf, Leaf, Leaf, Leaf, Leaf",8
0.35,7,63.40591589,81.68034344,"numCrashes < 497.5, propMentions < 0.148292825, propMentions < 0.0116619067, snow < 5.30000019, numCrashes < 161, propMentions < 0.0061920099, precip < 1.01499999, Leaf, Leaf, Leaf, Leaf, Leaf, Leaf, Leaf, Leaf",8
0.35,8,61.09079757,78.86219499,"numCrashes < 359.5, numCrashes < 267.5, numCrashes < 360.5, wind < 9.72999954, propMentions < 0.00316455704, propMentions < 0.0037313432, numCrashes < 801, Leaf, Leaf, Leaf, Leaf, Leaf, Leaf, Leaf, Leaf",8
0.35,9,59.82501397,77.49278177,"numCrashes < 502.5, wind < 15.3199997, wind < 11.5200005, propMentions < 0.0623234436, precip < 1.25, numCrashes < 661.5, wind < 21.1399994, Leaf, Leaf, Leaf, Leaf, Leaf, Leaf, Leaf, Leaf",8
0.35,10,59.10316046,76.90716008,"propMentions < 0.00928079244, propMentions < 0.0061920099, numCrashes < 671.5, wind < 17.3349991, wind < 18.6749992, precip < 0.185000002, propMentions < 0.0135749392, Leaf, Leaf, Leaf, Leaf, Leaf, Leaf, Leaf, Leaf",8
0.35,11,58.60186279,76.47001269,"numCrashes < 567.5, snow < 5.30000019, propMentions < 0.0261221845, snow < 3.0999999, numCrashes < 435, snow < 1.5, numCrashes < 618, Leaf, Leaf, Leaf, Leaf, Leaf, Leaf, Leaf, Leaf",8
0.35,12,58.46640515,76.33703239,"numCrashes < 828, propMentions < 0.275793672, wind < 15.5450001, snow < 6.19999981, precip < 0.114999995, wind < 10.625, numCrashes < 845, Leaf, Leaf, Leaf, Leaf, Leaf, Leaf, Leaf, Leaf",8
0.35,13,58.48058094,76.512412,"wind < 17.3349991, numCrashes < 712.5, numCrashes < 716, numCrashes < 699.5, wind < 16.2200012, numCrashes < 708.5, propMentions < 0.00732424483, Leaf, Leaf, Leaf, Leaf, Leaf, Leaf, Leaf, Leaf",8
0.35,14,58.5061013,76.63678761,"numCrashes < 828, snow < 1.25, numCrashes < 831.5, snow < 0.649999976, precip < 0.829999983, Leaf, precip < 0.0799999982, Leaf, Leaf, Leaf, Leaf, Leaf, Leaf",7
0.35,15,58.6340635,76.94647653,"numCrashes < 502.5, wind < 15.3199997, numCrashes < 505.5, wind < 9.72999954, numCrashes < 464.5, wind < 15.8800001, propMentions < 0.0153453685, Leaf, Leaf, Leaf, Leaf, Leaf, Leaf, Leaf, Leaf",8
0.35,16,58.55954611,76.88173623,"numCrashes < 161, propMentions < 0.226398602, numCrashes < 162.5, Leaf, precip < 0.00499999989, Leaf, wind < 21.1399994, Leaf, Leaf, Leaf, Leaf",6
0.35,17,58.65980177,77.01509217,"wind < 28.2999992, numCrashes < 681.5, wind < 28.6350002, numCrashes < 672.5, snow < 0.0500000007, Leaf, precip < 0.150000006, Leaf, Leaf, Leaf, Leaf, Leaf, Leaf",7
0.35,18,58.74939202,77.03905715,"numCrashes < 877.5, snow < 5.6500001, wind < 12.5249996, wind < 27.625, snow < 8.85000038, numCrashes < 935.5, precip < 0.284999996, Leaf, Leaf, Leaf, Leaf, Leaf, Leaf, Leaf, Leaf",8
0.35,19,58.76473285,77.08632999,"numCrashes < 267.5, wind < 24.6049995, wind < 4.58500004, propMentions < 0.397002697, numCrashes < 174, numCrashes < 707, wind < 7.72000027, Leaf, Leaf, Leaf, Leaf, Leaf, Leaf, Leaf, Leaf",8
0.35,20,58.71711085,77.03344208,"precip < 2.71999979, precip < 2.57999992, precip < 2.86999989, wind < 20.9150009, Leaf, Leaf, numCrashes < 721, Leaf, Leaf, Leaf, Leaf",6
0.4,1,308.7190018,329.5995962,"numCrashes < 387.5, propMentions < 0.0226573199, numCrashes < 604.5, Leaf, numCrashes < 245.5, propMentions < 0.0206043962, numCrashes < 681.5, Leaf, Leaf, Leaf, Leaf, Leaf, Leaf",7
0.4,2,188.3033995,209.0993966,"numCrashes < 372.5, numCrashes < 199, numCrashes < 531.5, numCrashes < 161, numCrashes < 306.5, propMentions < 0.0339429528, numCrashes < 654.5, Leaf, Leaf, Leaf, Leaf, Leaf, Leaf, Leaf, Leaf",8
0.4,3,118.9404359,141.2840411,"numCrashes < 359.5, numCrashes < 284.5, numCrashes < 605.5, propMentions < 0.292071104, propMentions < 0.0226573199, propMentions < 0.0147090629, snow < 0.0500000007, Leaf, Leaf, Leaf, Leaf, Leaf, Leaf, Leaf, Leaf",8
0.4,4,84.2240448,106.12723,"numCrashes < 403.5, propMentions < 0.0623234436, numCrashes < 520.5, numCrashes < 377.5, numCrashes < 227.5, snow < 5.30000019, numCrashes < 801, Leaf, Leaf, Leaf, Leaf, Leaf, Leaf, Leaf, Leaf",8
0.4,5,69.39601365,88.93748392,"propMentions < 0.0265460033, numCrashes < 629.5, numCrashes < 330.5, precip < 0.245000005, snow < 6.75, numCrashes < 161, numCrashes < 671.5, Leaf, Leaf, Leaf, Leaf, Leaf, Leaf, Leaf, Leaf",8
0.4,6,63.24842075,81.38920961,"numCrashes < 490.5, propMentions < 0.185880393, snow < 1.5, wind < 15.3199997, numCrashes < 480.5, numCrashes < 681.5, precip < 0.625, Leaf, Leaf, Leaf, Leaf, Leaf, Leaf, Leaf, Leaf",8
0.4,7,60.50488578,78.35297549,"propMentions < 0.0230782889, propMentions < 0.0061920099, precip < 0.185000002, wind < 17.3349991, wind < 18.7900009, propMentions < 0.397002697, numCrashes < 684, Leaf, Leaf, Leaf, Leaf, Leaf, Leaf, Leaf, Leaf",8
0.4,8,59.56126798,77.39153362,"numCrashes < 494.5, wind < 15.5450001, propMentions < 0.0116619067, propMentions < 0.163863763, numCrashes < 483.5, propMentions < 0.0061920099, wind < 8.38999939, Leaf, Leaf, Leaf, Leaf, Leaf, Leaf, Leaf, Leaf",8
0.4,9,59.10910587,77.02600498,"numCrashes < 801, numCrashes < 285.5, snow < 6.25, precip < 0.569999993, snow < 5.30000019, snow < 1.3499999, wind < 13.9799995, Leaf, Leaf, Leaf, Leaf, Leaf, Leaf, Leaf, Leaf",8
0.4,10,58.65611898,76.68473383,"numCrashes < 484.5, numCrashes < 478.5, wind < 21.1399994, numCrashes < 476.5, snow < 2.5999999, wind < 17.3349991, wind < 21.5849991, Leaf, Leaf, Leaf, Leaf, Leaf, Leaf, Leaf, Leaf",8
0.4,11,58.64761593,76.7964426,"numCrashes < 828, snow < 1.25, precip < 0.0799999982, snow < 0.949999988, precip < 0.829999983, numCrashes < 942.5, numCrashes < 831.5, Leaf, Leaf, Leaf, Leaf, Leaf, Leaf, Leaf, Leaf",8
0.4,12,58.78565686,77.00553094,"numCrashes < 681.5, precip < 0.435000002, snow < 0.0500000007, snow < 3.6500001, snow < 4.8499999, numCrashes < 689.5, numCrashes < 811, Leaf, Leaf, Leaf, Leaf, Leaf, Leaf, Leaf, Leaf",8
0.4,13,58.70374505,77.03538138,"propMentions < 0.278673828, wind < 11.7449999, precip < 0.114999995, numCrashes < 661.5, numCrashes < 660.5, precip < 0.0450000018, numCrashes < 241, Leaf, Leaf, Leaf, Leaf, Leaf, Leaf, Leaf, Leaf",8
0.4,14,58.75691614,77.15766944,"wind < 28.2999992, numCrashes < 877.5, wind < 28.6350002, snow < 5.30000019, precip < 0.0799999982, Leaf, wind < 29.6349983, Leaf, Leaf, Leaf, Leaf, Leaf, Leaf",7
0.4,15,58.66527148,77.08037434,"snow < 8.85000038, precip < 2.71999979, Leaf, precip < 1.375, wind < 13.8699999, Leaf, Leaf, Leaf, Leaf",5
0.4,16,58.64835805,77.12819929,"wind < 4.58500004, numCrashes < 707, wind < 5.25500011, numCrashes < 599.5, numCrashes < 745.5, precip < 0.0149999997, snow < 2.8499999, Leaf, Leaf, Leaf, Leaf, Leaf, Leaf, Leaf, Leaf",8
0.4,17,58.68780239,77.14106402,"wind < 20.9150009, wind < 20.0200005, wind < 21.5849991, snow < 2.8499999, numCrashes < 508.5, propMentions < 0.00697075669, numCrashes < 554, Leaf, Leaf, Leaf, Leaf, Leaf, Leaf, Leaf, Leaf",8
0.4,18,59.01451825,77.71372555,"snow < 5.6500001, numCrashes < 877.5, snow < 8.10000038, wind < 27.625, wind < 12.5249996, numCrashes < 895, precip < 0.659999967, Leaf, Leaf, Leaf, Leaf, Leaf, Leaf, Leaf, Leaf",8
0.4,19,59.12787504,77.78356928,"propMentions < 0.479377091, wind < 7.72000027, numCrashes < 198, numCrashes < 699.5, numCrashes < 708.5, propMentions < 0.533163249, wind < 15.6599998, Leaf, Leaf, Leaf, Leaf, Leaf, Leaf, Leaf, Leaf",8
0.4,20,59.1568782,77.78224406,"numCrashes < 161, propMentions < 0.226398602, numCrashes < 162.5, Leaf, propMentions < 0.43194443, Leaf, propMentions < 0.00816340093, Leaf, Leaf, Leaf, Leaf",6
0.45,1,283.5859834,304.2589689,"numCrashes < 387.5, propMentions < 0.0226573199, numCrashes < 604.5, Leaf, numCrashes < 245.5, propMentions < 0.0206043962, numCrashes < 681.5, Leaf, Leaf, Leaf, Leaf, Leaf, Leaf",7
0.45,2,159.9294119,181.3365014,"numCrashes < 372.5, numCrashes < 199, numCrashes < 531.5, numCrashes < 161, numCrashes < 306.5, propMentions < 0.0339429528, numCrashes < 654.5, Leaf, Leaf, Leaf, Leaf, Leaf, Leaf, Leaf, Leaf",8
0.45,3,97.77626098,119.9404509,"numCrashes < 359.5, propMentions < 0.309991539, numCrashes < 605.5, numCrashes < 285.5, numCrashes < 240, propMentions < 0.0147090629, snow < 0.0500000007, Leaf, Leaf, Leaf, Leaf, Leaf, Leaf, Leaf, Leaf",8
0.45,4,73.01979704,93.30157477,"numCrashes < 403.5, propMentions < 0.0623234436, numCrashes < 497.5, numCrashes < 377.5, propMentions < 0.278673828, wind < 15.9950008, numCrashes < 801, Leaf, Leaf, Leaf, Leaf, Leaf, Leaf, Leaf, Leaf",8
0.45,5,64.08073921,82.29671192,"propMentions < 0.0265460033, numCrashes < 629.5, numCrashes < 330.5, precip < 0.625, snow < 6.75, numCrashes < 161, numCrashes < 671.5, Leaf, Leaf, Leaf, Leaf, Leaf, Leaf, Leaf, Leaf",8
0.45,6,60.56484884,78.45989549,"numCrashes < 490.5, propMentions < 0.185880393, snow < 1.5, snow < 5.30000019, numCrashes < 480.5, numCrashes < 877.5, precip < 0.625, Leaf, Leaf, Leaf, Leaf, Leaf, Leaf, Leaf, Leaf",8
0.45,7,58.90813371,77.03874091,"propMentions < 0.0118695404, propMentions < 0.0061920099, propMentions < 0.0135440873, wind < 17.3349991, wind < 16.2200012, wind < 19.0149994, propMentions < 0.0147442399, Leaf, Leaf, Leaf, Leaf, Leaf, Leaf, Leaf, Leaf",8
0.45,8,58.4555619,76.66158387,"numCrashes < 520.5, wind < 15.3199997, wind < 11.5200005, precip < 0.185000002, precip < 0.425000012, numCrashes < 732.5, wind < 21.1399994, Leaf, Leaf, Leaf, Leaf, Leaf, Leaf, Leaf, Leaf",8
0.45,9,58.02528366,76.34492414,"numCrashes < 284.5, precip < 0.569999993, snow < 5.30000019, wind < 6.375, numCrashes < 170, snow < 2.8499999, precip < 0.420000017, Leaf, Leaf, Leaf, Leaf, Leaf, Leaf, Leaf, Leaf",8
0.45,10,58.10783206,76.58869658,"numCrashes < 828, snow < 1.25, precip < 0.0799999982, snow < 0.649999976, numCrashes < 698, numCrashes < 942.5, numCrashes < 831.5, Leaf, Leaf, Leaf, Leaf, Leaf, Leaf, Leaf, Leaf",8
0.45,11,58.32051883,76.88634364,"numCrashes < 681.5, precip < 0.185000002, precip < 1.245, numCrashes < 673.5, wind < 20.2449989, numCrashes < 689.5, wind < 15.8850002, Leaf, Leaf, Leaf, Leaf, Leaf, Leaf, Leaf, Leaf",8
0.45,12,58.59707882,77.39392573,"wind < 24.9399986, numCrashes < 877.5, wind < 25.2749996, snow < 5.6500001, snow < 5.75, Leaf, wind < 27.625, Leaf, Leaf, Leaf, Leaf, Leaf, Leaf",7
0.45,13,58.94097863,77.82864999,"wind < 17.3349991, numCrashes < 712.5, numCrashes < 716, numCrashes < 706.5, wind < 16.2200012, numCrashes < 708.5, propMentions < 0.00732424483, Leaf, Leaf, Leaf, Leaf, Leaf, Leaf, Leaf, Leaf",8
0.45,14,58.96287037,77.80985079,"numCrashes < 227.5, wind < 9.95499992, numCrashes < 244.5, numCrashes < 163, wind < 11.9699993, precip < 0.0399999991, numCrashes < 266.5, Leaf, Leaf, Leaf, Leaf, Leaf, Leaf, Leaf, Leaf",8
0.45,15,58.99213928,77.86483524,"wind < 4.58500004, numCrashes < 707, wind < 5.25500011, numCrashes < 599.5, numCrashes < 745.5, precip < 0.0149999997, snow < 2.1500001, Leaf, Leaf, Leaf, Leaf, Leaf, Leaf, Leaf, Leaf",8
0.45,16,58.98742715,77.81234439,"numCrashes < 161, propMentions < 0.226398602, numCrashes < 162.5, Leaf, precip < 0.175000012, Leaf, wind < 20.9150009, Leaf, Leaf, Leaf, Leaf",6
0.45,17,59.25128803,78.08921148,"wind < 21.5849991, wind < 21.1399994, numCrashes < 568.5, wind < 17.3349991, numCrashes < 514.5, precip < 0.0249999985, precip < 0.479999989, Leaf, Leaf, Leaf, Leaf, Leaf, Leaf, Leaf, Leaf",8
0.45,18,59.31760318,78.2036908,"numCrashes < 777.5, numCrashes < 773, propMentions < 0.00706934463, precip < 2.71999979, precip < 0.0350000001, wind < 10.625, numCrashes < 795, Leaf, Leaf, Leaf, Leaf, Leaf, Leaf, Leaf, Leaf",8
0.45,19,59.17416575,77.8169868,"wind < 28.2999992, numCrashes < 935.5, wind < 28.6350002, numCrashes < 877.5, numCrashes < 1032, Leaf, precip < 0.150000006, Leaf, Leaf, Leaf, Leaf, Leaf, Leaf",7
0.45,20,59.17373791,77.82366482,"snow < 8.85000038, snow < 5.30000019, Leaf, snow < 4.94999981, precip < 0.284999996, Leaf, Leaf, Leaf, Leaf",5
0.5,1,258.5328967,279.0665931,"numCrashes < 387.5, propMentions < 0.0226573199, numCrashes < 604.5, Leaf, numCrashes < 245.5, propMentions < 0.0206043962, numCrashes < 681.5, Leaf, Leaf, Leaf, Leaf, Leaf, Leaf",7
0.5,2,134.5944582,156.7411607,"numCrashes < 372.5, numCrashes < 199, numCrashes < 531.5, numCrashes < 161, numCrashes < 306.5, propMentions < 0.0339429528, numCrashes < 654.5, Leaf, Leaf, Leaf, Leaf, Leaf, Leaf, Leaf, Leaf",8
0.5,3,82.02338763,103.5437633,"propMentions < 0.0265460033, numCrashes < 625.5, numCrashes < 343.5, numCrashes < 497.5, snow < 0.0500000007, propMentions < 0.309991539, numCrashes < 684, Leaf, Leaf, Leaf, Leaf, Leaf, Leaf, Leaf, Leaf",8
0.5,4,66.06057675,84.79618946,"numCrashes < 359.5, numCrashes < 284.5, numCrashes < 520.5, propMentions < 0.292071104, precip < 0.164999992, numCrashes < 360.5, numCrashes < 801, Leaf, Leaf, Leaf, Leaf, Leaf, Leaf, Leaf, Leaf",8
0.5,5,60.93356895,78.71787049,"propMentions < 0.0779753774, wind < 13.3099995, numCrashes < 491.5, numCrashes < 661.5, propMentions < 0.00449494924, numCrashes < 480.5, numCrashes < 660.5, Leaf, Leaf, Leaf, Leaf, Leaf, Leaf, Leaf, Leaf",8
0.5,6,59.12128824,76.9284441,"propMentions < 0.00941181742, propMentions < 0.0061920099, wind < 10.8500004, wind < 17.3349991, wind < 18.6749992, propMentions < 0.170012042, propMentions < 0.010028149, Leaf, Leaf, Leaf, Leaf, Leaf, Leaf, Leaf, Leaf",8
0.5,7,58.49725973,76.4255896,"propMentions < 0.0118695404, numCrashes < 377.5, propMentions < 0.0135440873, numCrashes < 358.5, numCrashes < 403.5, wind < 19.0149994, propMentions < 0.0147442399, Leaf, Leaf, Leaf, Leaf, Leaf, Leaf, Leaf, Leaf",8
0.5,8,58.31351933,76.81061247,"snow < 5.30000019, snow < 1.5, precip < 0.405000001, numCrashes < 877.5, precip < 0.834999979, Leaf, numCrashes < 424.5, Leaf, Leaf, Leaf, Leaf, Leaf, Leaf",7
0.5,9,58.15999122,76.7957918,"numCrashes < 161, propMentions < 0.226398602, numCrashes < 162.5, Leaf, precip < 0.00499999989, Leaf, wind < 17.3349991, Leaf, Leaf, Leaf, Leaf",6
0.5,10,58.14839078,76.89957175,"wind < 20.9150009, wind < 17.3349991, wind < 21.5849991, numCrashes < 777.5, numCrashes < 700.5, propMentions < 0.00697075669, numCrashes < 554, Leaf, Leaf, Leaf, Leaf, Leaf, Leaf, Leaf, Leaf",8
0.5,11,57.90554208,76.41793665,"numCrashes < 935.5, numCrashes < 903.5, numCrashes < 986.5, numCrashes < 883.5, Leaf, Leaf, precip < 0.620000005, Leaf, Leaf, Leaf, Leaf",6
0.5,12,57.86163266,76.40242102,"precip < 0.425000012, snow < 4.44999981, snow < 4.94999981, numCrashes < 680.5, numCrashes < 453.5, numCrashes < 680.5, numCrashes < 895, Leaf, Leaf, Leaf, Leaf, Leaf, Leaf, Leaf, Leaf",8
0.5,13,58.04104896,76.53227222,"numCrashes < 828, numCrashes < 822.5, numCrashes < 840, propMentions < 0.21633333, Leaf, Leaf, precip < 0.0799999982, Leaf, Leaf, Leaf, Leaf",6
0.5,14,58.07120931,76.54060414,"precip < 2.71999979, precip < 2.57999992, precip < 2.86999989, wind < 27.625, Leaf, Leaf, numCrashes < 721, Leaf, Leaf, Leaf, Leaf",6
0.5,15,58.30210839,76.78761489,"precip < 0.245000005, wind < 4.35999966, numCrashes < 285, wind < 3.46999979, wind < 5.25500011, numCrashes < 170, numCrashes < 637.5, Leaf, Leaf, Leaf, Leaf, Leaf, Leaf, Leaf, Leaf",8
0.5,16,58.13686544,76.9994473,"numCrashes < 605.5, numCrashes < 602.5, wind < 6.1500001, numCrashes < 598.5, precip < 0.00499999989, wind < 5.25500011, wind < 6.375, Leaf, Leaf, Leaf, Leaf, Leaf, Leaf, Leaf, Leaf",8
0.5,17,58.11721447,76.97695684,"propMentions < 0.515777886, numCrashes < 877.5, numCrashes < 113.5, snow < 5.30000019, numCrashes < 883.5, Leaf, wind < 15.6599998, Leaf, Leaf, Leaf, Leaf, Leaf, Leaf",7
0.5,18,58.15502685,77.05462321,"snow < 2.8499999, snow < 2.5999999, precip < 0.829999983, wind < 27.625, Leaf, snow < 5.6500001, snow < 6.0999999, Leaf, Leaf, Leaf, Leaf, Leaf, Leaf",7
0.5,19,58.12202198,77.04751269,"snow < 8.85000038, wind < 21.1399994, Leaf, wind < 20.6899986, wind < 21.5849991, Leaf, Leaf, Leaf, Leaf",5
0.5,20,58.09192855,77.00949005,"precip < 2.71999979, precip < 2.57999992, precip < 2.86999989, precip < 1.22500002, Leaf, Leaf, wind < 13.8699999, Leaf, Leaf, Leaf, Leaf",6
0.55,1,233.5376521,254.066595,"numCrashes < 387.5, propMentions < 0.0226573199, numCrashes < 604.5, Leaf, numCrashes < 245.5, propMentions < 0.0206043962, numCrashes < 681.5, Leaf, Leaf, Leaf, Leaf, Leaf, Leaf",7
0.55,2,112.9367714,135.1771082,"numCrashes < 369.5, numCrashes < 191.5, numCrashes < 531.5, numCrashes < 161, numCrashes < 306.5, propMentions < 0.0731968433, numCrashes < 654.5, Leaf, Leaf, Leaf, Leaf, Leaf, Leaf, Leaf, Leaf",8
0.55,3,72.14194485,92.11068876,"propMentions < 0.0265460033, numCrashes < 625.5, numCrashes < 341.5, precip < 0.245000005, snow < 0.0500000007, propMentions < 0.309991539, numCrashes < 684, Leaf, Leaf, Leaf, Leaf, Leaf, Leaf, Leaf, Leaf",8
0.55,4,62.25802582,80.1104307,"numCrashes < 490.5, propMentions < 0.186773255, numCrashes < 801, wind < 15.3199997, numCrashes < 480.5, snow < 1.25, snow < 6.75, Leaf, Leaf, Leaf, Leaf, Leaf, Leaf, Leaf, Leaf",8
0.55,5,59.25613734,76.97558349,"propMentions < 0.0118695404, propMentions < 0.0061920099, numCrashes < 284.5, wind < 17.3349991, wind < 18.6749992, propMentions < 0.286692768, propMentions < 0.0135440873, Leaf, Leaf, Leaf, Leaf, Leaf, Leaf, Leaf, Leaf",8
0.55,6,58.17228533,76.04580297,"numCrashes < 520.5, snow < 5.30000019, wind < 11.5200005, snow < 3.0999999, numCrashes < 435, numCrashes < 661.5, wind < 21.1399994, Leaf, Leaf, Leaf, Leaf, Leaf, Leaf, Leaf, Leaf",8
0.55,7,57.98749448,75.86534035,"numCrashes < 828, snow < 5.30000019, wind < 15.5450001, wind < 27.625, numCrashes < 435, wind < 10.625, numCrashes < 845, Leaf, Leaf, Leaf, Leaf, Leaf, Leaf, Leaf, Leaf",8
0.55,8,57.79806368,75.86661312,"numCrashes < 285.5, numCrashes < 246.5, wind < 17.3349991, numCrashes < 227.5, snow < 0.0500000007, wind < 16.6650009, numCrashes < 716, Leaf, Leaf, Leaf, Leaf, Leaf, Leaf, Leaf, Leaf",8
0.55,9,57.82962698,75.9905143,"precip < 2.71999979, precip < 2.57999992, wind < 13.8699999, numCrashes < 784, Leaf, numCrashes < 557, precip < 2.86999989, Leaf, Leaf, Leaf, Leaf, Leaf, Leaf",7
0.55,10,57.64641229,75.62478447,"numCrashes < 935.5, numCrashes < 877.5, numCrashes < 986.5, snow < 5.6500001, wind < 14.0950003, Leaf, numCrashes < 1113, Leaf, Leaf, Leaf, Leaf, Leaf, Leaf",7
0.55,11,57.51735838,75.56928619,"wind < 20.9150009, snow < 2.8499999, wind < 21.5849991, wind < 20.6899986, propMentions < 0.00279329601, propMentions < 0.00697075669, numCrashes < 653.5, Leaf, Leaf, Leaf, Leaf, Leaf, Leaf, Leaf, Leaf",8
0.55,12,57.85878032,75.86982888,"numCrashes < 567.5, wind < 15.9950008, wind < 22.3699989, numCrashes < 564.5, precip < 0.0450000018, propMentions < 0.0261221845, wind < 24.2700005, Leaf, Leaf, Leaf, Leaf, Leaf, Leaf, Leaf, Leaf",8
0.55,13,57.98002267,76.05517173,"wind < 4.58500004, numCrashes < 707, wind < 5.25500011, numCrashes < 599.5, numCrashes < 745.5, precip < 0.0149999997, numCrashes < 828, Leaf, Leaf, Leaf, Leaf, Leaf, Leaf, Leaf, Leaf",8
0.55,14,58.05225072,76.10674645,"propMentions < 0.479377091, numCrashes < 161, numCrashes < 191, propMentions < 0.226398602, numCrashes < 162.5, propMentions < 0.533163249, wind < 15.6599998, Leaf, Leaf, Leaf, Leaf, Leaf, Leaf, Leaf, Leaf",8
0.55,15,58.12792811,76.29623177,"numCrashes < 699.5, numCrashes < 681.5, numCrashes < 712.5, numCrashes < 672.5, snow < 3.1500001, propMentions < 0.00240384624, numCrashes < 714.5, Leaf, Leaf, Leaf, Leaf, Leaf, Leaf, Leaf, Leaf",8
0.55,16,58.52499303,76.75006347,"precip < 0.425000012, snow < 3.6500001, numCrashes < 680.5, precip < 0.405000001, numCrashes < 1028.5, numCrashes < 674, numCrashes < 775, Leaf, Leaf, Leaf, Leaf, Leaf, Leaf, Leaf, Leaf",8
0.55,17,58.61858623,76.98530969,"numCrashes < 773, numCrashes < 743.5, propMentions < 0.00706934463, propMentions < 0.004454365, numCrashes < 745.5, numCrashes < 777.5, numCrashes < 795, Leaf, Leaf, Leaf, Leaf, Leaf, Leaf, Leaf, Leaf",8
0.55,18,58.51539525,76.94370758,"propMentions < 0.00816340093, numCrashes < 377.5, numCrashes < 746, numCrashes < 358.5, propMentions < 0.00754727749, numCrashes < 715, propMentions < 0.0101456679, Leaf, Leaf, Leaf, Leaf, Leaf, Leaf, Leaf, Leaf",8
0.55,19,58.35464489,76.70914196,"numCrashes < 935.5, numCrashes < 877.5, numCrashes < 986.5, numCrashes < 848, wind < 14.0950003, Leaf, numCrashes < 1032, Leaf, Leaf, Leaf, Leaf, Leaf, Leaf",7
0.55,20,58.67790617,76.94498069,"wind < 21.5849991, wind < 21.1399994, numCrashes < 554, snow < 5.30000019, numCrashes < 514.5, precip < 0.120000005, precip < 0.554999948, Leaf, Leaf, Leaf, Leaf, Leaf, Leaf, Leaf, Leaf",8
0.6,1,208.5563943,229.3219234,"numCrashes < 387.5, propMentions < 0.0226573199, numCrashes < 604.5, Leaf, numCrashes < 245.5, propMentions < 0.0206043962, numCrashes < 681.5, Leaf, Leaf, Leaf, Leaf, Leaf, Leaf",7
0.6,2,94.95966343,117.0745574,"numCrashes < 369.5, numCrashes < 191.5, numCrashes < 531.5, numCrashes < 161, numCrashes < 310.5, propMentions < 0.0731968433, snow < 1.5, Leaf, Leaf, Leaf, Leaf, Leaf, Leaf, Leaf, Leaf",8
0.6,3,65.80536016,84.57048893,"numCrashes < 359.5, propMentions < 0.309991539, numCrashes < 654.5, propMentions < 0.170140386, numCrashes < 315, numCrashes < 490.5, wind < 17.5600014, Leaf, Leaf, Leaf, Leaf, Leaf, Leaf, Leaf, Leaf",8
0.6,4,59.92570777,77.94360794,"propMentions < 0.0265460033, numCrashes < 801, numCrashes < 684, snow < 5.30000019, snow < 6.75, numCrashes < 285.5, numCrashes < 708.5, Leaf, Leaf, Leaf, Leaf, Leaf, Leaf, Leaf, Leaf",8
0.6,5,58.49526654,76.63704017,"numCrashes < 629.5, precip < 0.185000002, snow < 0.0500000007, wind < 15.9950008, numCrashes < 285, propMentions < 0.0261221845, numCrashes < 811, Leaf, Leaf, Leaf, Leaf, Leaf, Leaf, Leaf, Leaf",8
0.6,6,58.06632687,76.09202454,"propMentions < 0.00941181742, propMentions < 0.0061920099, propMentions < 0.278673828, numCrashes < 377.5, wind < 18.6749992, numCrashes < 244.5, numCrashes < 485.5, Leaf, Leaf, Leaf, Leaf, Leaf, Leaf, Leaf, Leaf",8
0.6,7,58.34759826,77.09297069,"snow < 1.5, numCrashes < 877.5, precip < 0.61500001, wind < 27.625, wind < 12.5249996, numCrashes < 259.5, wind < 12.6399994, Leaf, Leaf, Leaf, Leaf, Leaf, Leaf, Leaf, Leaf",8
0.6,8,58.28017223,77.1845617,"wind < 21.1399994, wind < 17.3349991, wind < 21.5849991, wind < 16.8899994, propMentions < 0.00484287087, numCrashes < 514.5, numCrashes < 568.5, Leaf, Leaf, Leaf, Leaf, Leaf, Leaf, Leaf, Leaf",8
0.6,9,58.55764365,77.80841436,"numCrashes < 497.5, wind < 15.3199997, propMentions < 0.0118695404, numCrashes < 496.5, numCrashes < 472, wind < 11.5200005, propMentions < 0.0135440873, Leaf, Leaf, Leaf, Leaf, Leaf, Leaf, Leaf, Leaf",8
0.6,10,58.44046532,77.36190545,"numCrashes < 935.5, numCrashes < 903.5, numCrashes < 1032, snow < 5.6500001, Leaf, Leaf, numCrashes < 1113, Leaf, Leaf, Leaf, Leaf",6
0.6,11,58.4423114,77.46527442,"wind < 4.58500004, numCrashes < 707, wind < 5.25500011, numCrashes < 599.5, numCrashes < 745.5, precip < 0.0149999997, snow < 2.8499999, Leaf, Leaf, Leaf, Leaf, Leaf, Leaf, Leaf, Leaf",8
0.6,12,58.42214252,77.45866947,"wind < 18.9000015, snow < 3.1500001, wind < 19.125, snow < 0.649999976, wind < 15.9950008, numCrashes < 645, numCrashes < 713.5, Leaf, Leaf, Leaf, Leaf, Leaf, Leaf, Leaf, Leaf",8
0.6,13,58.4125503,77.41259785,"snow < 5.30000019, snow < 2.8499999, numCrashes < 435, precip < 1.22500002, precip < 1.03499997, propMentions < 0.175221235, numCrashes < 863, Leaf, Leaf, Leaf, Leaf, Leaf, Leaf, Leaf, Leaf",8
0.6,14,58.4691562,77.39988072,"numCrashes < 828, numCrashes < 822.5, wind < 8.05500031, propMentions < 0.479377091, Leaf, precip < 0.0500000007, wind < 15.5450001, Leaf, Leaf, Leaf, Leaf, Leaf, Leaf",7
0.6,15,58.5172492,77.83268638,"precip < 0.264999986, numCrashes < 680.5, numCrashes < 637.5, numCrashes < 673.5, numCrashes < 689.5, numCrashes < 601.5, numCrashes < 794, Leaf, Leaf, Leaf, Leaf, Leaf, Leaf, Leaf, Leaf",8
0.6,16,58.47900725,77.79533878,"propMentions < 0.21633333, numCrashes < 211, numCrashes < 246.5, precip < 0.00499999989, numCrashes < 539.5, numCrashes < 227.5, numCrashes < 277.5, Leaf, Leaf, Leaf, Leaf, Leaf, Leaf, Leaf, Leaf",8
0.6,17,58.35798574,77.51482933,"numCrashes < 935.5, numCrashes < 877.5, numCrashes < 1032, numCrashes < 848, wind < 14.0950003, Leaf, Leaf, Leaf, Leaf, Leaf, Leaf",6
0.6,18,58.30713458,77.61888344,"numCrashes < 638.5, numCrashes < 634.5, wind < 6.1500001, wind < 7.72000027, precip < 0.13499999, numCrashes < 644, wind < 6.375, Leaf, Leaf, Leaf, Leaf, Leaf, Leaf, Leaf, Leaf",8
0.6,19,58.65065168,78.16562507,"wind < 23.1500015, wind < 22.9300003, numCrashes < 683.5, precip < 2.71999979, precip < 0.0949999988, numCrashes < 660, wind < 24.0499992, Leaf, Leaf, Leaf, Leaf, Leaf, Leaf, Leaf, Leaf",8
0.6,20,58.64762311,78.16375379,"precip < 3.13999987, precip < 2.71999979, numCrashes < 721, precip < 2.57999992, precip < 2.86999989, Leaf, Leaf, Leaf, Leaf, Leaf, Leaf",6
0.65,1,183.7198015,204.9250956,"numCrashes < 387.5, propMentions < 0.0226573199, numCrashes < 604.5, Leaf, numCrashes < 245.5, propMentions < 0.0206043962, numCrashes < 681.5, Leaf, Leaf, Leaf, Leaf, Leaf, Leaf",7
0.65,2,81.83704354,103.0444484,"numCrashes < 359.5, numCrashes < 191.5, numCrashes < 527.5, numCrashes < 161, numCrashes < 306.5, propMentions < 0.0339429528, snow < 1.5, Leaf, Leaf, Leaf, Leaf, Leaf, Leaf, Leaf, Leaf",8
0.65,3,62.45779141,80.5512294,"numCrashes < 369.5, propMentions < 0.185880393, numCrashes < 654.5, propMentions < 0.0623234436, propMentions < 0.309991539, precip < 0.245000005, wind < 17.5600014, Leaf, Leaf, Leaf, Leaf, Leaf, Leaf, Leaf, Leaf",8
0.65,4,59.326578,77.04349844,"numCrashes < 490.5, wind < 15.5450001, numCrashes < 801, propMentions < 0.163863763, numCrashes < 483.5, snow < 1.25, snow < 6.75, Leaf, Leaf, Leaf, Leaf, Leaf, Leaf, Leaf, Leaf",8
0.65,5,59.14957514,77.60473289,"snow < 5.30000019, numCrashes < 877.5, precip < 0.405000001, propMentions < 0.00941181742, wind < 12.5249996, numCrashes < 1028.5, numCrashes < 424.5, Leaf, Leaf, Leaf, Leaf, Leaf, Leaf, Leaf, Leaf",8
0.65,6,58.9576504,77.47849975,"wind < 20.9150009, wind < 17.3349991, numCrashes < 565, wind < 16.8899994, propMentions < 0.00484287087, precip < 0.0249999985, precip < 0.554999948, Leaf, Leaf, Leaf, Leaf, Leaf, Leaf, Leaf, Leaf",8
0.65,7,58.78504662,77.40823614,"wind < 27.625, numCrashes < 285.5, precip < 0.469999999, numCrashes < 246.5, propMentions < 0.004454365, wind < 28.6350002, numCrashes < 674, Leaf, Leaf, Leaf, Leaf, Leaf, Leaf, Leaf, Leaf",8
0.65,8,58.4773366,76.66644782,"propMentions < 0.278673828, numCrashes < 935.5, numCrashes < 485.5, numCrashes < 877.5, numCrashes < 1032, numCrashes < 315.5, Leaf, Leaf, Leaf, Leaf, Leaf, Leaf, Leaf",7
0.65,9,59.02982958,77.33673183,"snow < 0.0500000007, numCrashes < 629.5, numCrashes < 701.5, precip < 0.185000002, propMentions < 0.0261221845, precip < 0.860000014, numCrashes < 811, Leaf, Leaf, Leaf, Leaf, Leaf, Leaf, Leaf, Leaf",8
0.65,10,59.32946706,77.71956027,"snow < 2.8499999, snow < 0.649999976, precip < 0.425000012, wind < 27.625, precip < 0.0350000001, wind < 12.3000002, snow < 3.79999995, Leaf, Leaf, Leaf, Leaf, Leaf, Leaf, Leaf, Leaf",8
0.65,11,59.3235194,77.69148514,"snow < 8.85000038, wind < 18.9000015, Leaf, snow < 3.1500001, propMentions < 0.00209205016, Leaf, Leaf, Leaf, Leaf",5
0.65,12,59.38793893,77.88820611,"wind < 11.7449999, precip < 2.4749999, numCrashes < 788.5, precip < 0.0549999997, Leaf, numCrashes < 737.5, propMentions < 0.00271739135, Leaf, Leaf, Leaf, Leaf, Leaf, Leaf",7
0.65,13,59.5790179,77.92347944,"numCrashes < 377.5, numCrashes < 372.5, numCrashes < 403.5, propMentions < 0.0226573199, propMentions < 0.111724138, numCrashes < 402.5, propMentions < 0.0118695404, Leaf, Leaf, Leaf, Leaf, Leaf, Leaf, Leaf, Leaf",8
0.65,14,59.68522877,78.13075735,"wind < 4.58500004, numCrashes < 707, wind < 5.25500011, numCrashes < 599.5, numCrashes < 745.5, precip < 0.0149999997, wind < 21.5849991, Leaf, Leaf, Leaf, Leaf, Leaf, Leaf, Leaf, Leaf",8
0.65,15,59.98946339,78.38983432,"wind < 18.9000015, wind < 18.4549999, numCrashes < 553, numCrashes < 732.5, numCrashes < 719.5, numCrashes < 535.5, precip < 0.0249999985, Leaf, Leaf, Leaf, Leaf, Leaf, Leaf, Leaf, Leaf",8
0.65,16,59.72950602,77.8446106,"numCrashes < 935.5, numCrashes < 903.5, numCrashes < 1032, snow < 5.30000019, Leaf, Leaf, numCrashes < 1113, Leaf, Leaf, Leaf, Leaf",6
0.65,17,59.96528129,78.21938738,"propMentions < 0.0061920099, propMentions < 0.00574731641, propMentions < 0.00816340093, wind < 21.5849991, numCrashes < 616, propMentions < 0.00754727749, numCrashes < 756.5, Leaf, Leaf, Leaf, Leaf, Leaf, Leaf, Leaf, Leaf",8
0.65,18,59.98519071,78.33323973,"wind < 21.1399994, wind < 20.6899986, wind < 21.5849991, propMentions < 0.515777886, precip < 0.839999974, numCrashes < 514.5, numCrashes < 531, Leaf, Leaf, Leaf, Leaf, Leaf, Leaf, Leaf, Leaf",8
0.65,19,60.04624856,78.48565749,"precip < 2.71999979, precip < 1.22500002, wind < 13.8699999, precip < 0.625, wind < 6.5999999, numCrashes < 557, precip < 2.86999989, Leaf, Leaf, Leaf, Leaf, Leaf, Leaf, Leaf, Leaf",8
0.65,20,60.06365379,78.61632454,"numCrashes < 435.5, numCrashes < 414.5, numCrashes < 448.5, numCrashes < 410, numCrashes < 417.5, wind < 7.26999998, numCrashes < 450.5, Leaf, Leaf, Leaf, Leaf, Leaf, Leaf, Leaf, Leaf",8
0.7,1,159.3330534,181.0167321,"numCrashes < 387.5, propMentions < 0.0226573199, numCrashes < 604.5, Leaf, numCrashes < 245.5, propMentions < 0.0206043962, numCrashes < 681.5, Leaf, Leaf, Leaf, Leaf, Leaf, Leaf",7
0.7,2,72.36117189,92.27149975,"numCrashes < 359.5, numCrashes < 161, numCrashes < 527.5, numCrashes < 130, numCrashes < 306.5, propMentions < 0.0731968433, snow < 0.0500000007, Leaf, Leaf, Leaf, Leaf, Leaf, Leaf, Leaf, Leaf",8
0.7,3,60.45298512,78.16795205,"numCrashes < 338.5, propMentions < 0.312491894, numCrashes < 654.5, propMentions < 0.172902107, numCrashes < 315, precip < 0.185000002, wind < 17.5600014, Leaf, Leaf, Leaf, Leaf, Leaf, Leaf, Leaf, Leaf",8
0.7,4,58.82857128,76.73671302,"numCrashes < 490.5, wind < 15.3199997, numCrashes < 801, propMentions < 0.282813787, numCrashes < 483.5, snow < 1.25, snow < 6.75, Leaf, Leaf, Leaf, Leaf, Leaf, Leaf, Leaf, Leaf",8
0.7,5,58.9471273,77.92386154,"snow < 5.30000019, numCrashes < 877.5, precip < 0.405000001, snow < 2.8499999, wind < 12.5249996, numCrashes < 1028.5, numCrashes < 424.5, Leaf, Leaf, Leaf, Leaf, Leaf, Leaf, Leaf, Leaf",8
0.7,6,58.53197592,77.57663864,"propMentions < 0.00941181742, propMentions < 0.0061920099, numCrashes < 631.5, numCrashes < 377.5, wind < 18.6749992, numCrashes < 617.5, propMentions < 0.0261221845, Leaf, Leaf, Leaf, Leaf, Leaf, Leaf, Leaf, Leaf",8
0.7,7,58.12024991,76.6453931,"numCrashes < 935.5, numCrashes < 877.5, numCrashes < 1032, snow < 5.30000019, wind < 14.0950003, Leaf, numCrashes < 1113, Leaf, Leaf, Leaf, Leaf, Leaf, Leaf",7
0.7,8,58.00942574,76.53464604,"numCrashes < 245.5, numCrashes < 227.5, numCrashes < 283.5, wind < 9.95499992, precip < 0.0399999991, precip < 0.519999981, numCrashes < 304.5, Leaf, Leaf, Leaf, Leaf, Leaf, Leaf, Leaf, Leaf",8
0.7,9,58.10336026,76.66035679,"wind < 27.625, wind < 21.1399994, wind < 28.6350002, wind < 17.3349991, wind < 21.5849991, precip < 0.25, precip < 0.150000006, Leaf, Leaf, Leaf, Leaf, Leaf, Leaf, Leaf, Leaf",8
0.7,10,58.77116943,77.06120443,"precip < 0.425000012, snow < 3.6500001, numCrashes < 680.5, precip < 0.344999999, numCrashes < 690, wind < 12.1900005, snow < 0.0500000007, Leaf, Leaf, Leaf, Leaf, Leaf, Leaf, Leaf, Leaf",8
0.7,11,59.20985336,77.50276474,"numCrashes < 629.5, numCrashes < 620.5, wind < 3.91499996, wind < 7.72000027, precip < 0.00499999989, wind < 3.69000006, propMentions < 0.0261221845, Leaf, Leaf, Leaf, Leaf, Leaf, Leaf, Leaf, Leaf",8
0.7,12,59.20562353,77.48697176,"snow < 0.649999976, precip < 1.22500002, precip < 0.0350000001, propMentions < 0.00816340093, precip < 1.255, Leaf, precip < 0.829999983, Leaf, Leaf, Leaf, Leaf, Leaf, Leaf",7
0.7,13,59.25702081,77.56289435,"snow < 8.85000038, numCrashes < 699.5, Leaf, numCrashes < 681.5, propMentions < 0.00206611562, Leaf, Leaf, Leaf, Leaf",5
0.7,14,59.15035716,77.5402438,"propMentions < 0.004454365, numCrashes < 358.5, numCrashes < 779, numCrashes < 342.5, numCrashes < 361.5, propMentions < 0.00873379037, numCrashes < 797, Leaf, Leaf, Leaf, Leaf, Leaf, Leaf, Leaf, Leaf",8
0.7,15,59.27140521,77.78491198,"numCrashes < 777.5, numCrashes < 773, propMentions < 0.00706934463, precip < 2.71999979, precip < 0.0350000001, wind < 10.625, numCrashes < 831.5, Leaf, Leaf, Leaf, Leaf, Leaf, Leaf, Leaf, Leaf",8
0.7,16,59.28877538,77.9329094,"wind < 11.7449999, numCrashes < 740.5, numCrashes < 660.5, numCrashes < 739.5, numCrashes < 750, precip < 0.0450000018, propMentions < 0.00692049786, Leaf, Leaf, Leaf, Leaf, Leaf, Leaf, Leaf, Leaf",8
0.7,17,59.19470155,77.9831438,"snow < 6.25, snow < 5.6500001, precip < 0.980000019, wind < 4.58500004, Leaf, precip < 0.659999967, precip < 2.11000013, Leaf, Leaf, Leaf, Leaf, Leaf, Leaf",7
0.7,18,59.1903859,77.98077438,"precip < 2.98000002, precip < 2.71999979, wind < 16.3299999, precip < 2.57999992, numCrashes < 592.5, Leaf, Leaf, Leaf, Leaf, Leaf, Leaf",6
0.7,19,59.50242239,78.21224058,"numCrashes < 387.5, numCrashes < 372.5, numCrashes < 403.5, numCrashes < 360.5, precip < 0.544999957, wind < 15.6599998, numCrashes < 420.5, Leaf, Leaf, Leaf, Leaf, Leaf, Leaf, Leaf, Leaf",8
0.7,20,59.63008689,78.1245979,"precip < 0.0249999985, snow < 0.150000006, wind < 5.70499992, snow < 0.0500000007, wind < 6.375, wind < 4.80999994, wind < 9.05999947, Leaf, Leaf, Leaf, Leaf, Leaf, Leaf, Leaf, Leaf",8
0.75,1,135.5953575,157.8190498,"numCrashes < 387.5, propMentions < 0.0226573199, numCrashes < 604.5, Leaf, numCrashes < 245.5, propMentions < 0.0206043962, numCrashes < 681.5, Leaf, Leaf, Leaf, Leaf, Leaf, Leaf",7
0.75,2,66.41645385,85.26882503,"numCrashes < 359.5, numCrashes < 161, numCrashes < 527.5, numCrashes < 130, numCrashes < 306.5, wind < 15.3199997, snow < 0.0500000007, Leaf, Leaf, Leaf, Leaf, Leaf, Leaf, Leaf, Leaf",8
0.75,3,59.78517546,77.73827402,"numCrashes < 490.5, propMentions < 0.186773255, numCrashes < 801, snow < 5.30000019, propMentions < 0.280409932, snow < 1.25, snow < 6.75, Leaf, Leaf, Leaf, Leaf, Leaf, Leaf, Leaf, Leaf",8
0.75,4,59.30415269,77.26798444,"numCrashes < 654.5, precip < 0.185000002, wind < 17.5600014, wind < 27.625, wind < 20.2449989, wind < 16.8899994, precip < 0.0350000001, Leaf, Leaf, Leaf, Leaf, Leaf, Leaf, Leaf, Leaf",8
0.75,5,58.41272972,76.73387682,"numCrashes < 285.5, numCrashes < 245.5, wind < 20.9150009, propMentions < 0.306656003, precip < 0.519999981, wind < 17.3349991, wind < 21.5849991, Leaf, Leaf, Leaf, Leaf, Leaf, Leaf, Leaf, Leaf",8
0.75,6,58.30351473,76.66096117,"snow < 8.85000038, snow < 8.25, Leaf, propMentions < 0.00442486536, Leaf, Leaf, Leaf",4
0.75,7,58.25572458,76.65676835,"propMentions < 0.00928079244, propMentions < 0.0061920099, numCrashes < 631.5, numCrashes < 377.5, wind < 22.4799995, numCrashes < 617.5, propMentions < 0.0261221845, Leaf, Leaf, Leaf, Leaf, Leaf, Leaf, Leaf, Leaf",8
0.75,8,58.77581199,77.35244576,"precip < 0.425000012, snow < 3.6500001, snow < 3.79999995, numCrashes < 877.5, precip < 0.340000004, snow < 0.0500000007, propMentions < 0.0113844043, Leaf, Leaf, Leaf, Leaf, Leaf, Leaf, Leaf, Leaf",8
0.75,9,58.46889359,76.71028559,"numCrashes < 935.5, numCrashes < 877.5, numCrashes < 1032, wind < 20.0200005, wind < 14.0950003, Leaf, Leaf, Leaf, Leaf, Leaf, Leaf",6
0.75,10,58.4631482,76.85556476,"numCrashes < 699.5, numCrashes < 681.5, propMentions < 0.00206611562, snow < 0.649999976, snow < 3.1500001, wind < 11.9699993, propMentions < 0.014095692, Leaf, Leaf, Leaf, Leaf, Leaf, Leaf, Leaf, Leaf",8
0.75,11,58.90218521,77.4741874,"snow < 2.8499999, snow < 2.5999999, numCrashes < 613.5, wind < 27.625, Leaf, precip < 0.425000012, snow < 3.3499999, Leaf, Leaf, Leaf, Leaf, Leaf, Leaf",7
0.75,12,58.69818429,77.16294294,"numCrashes < 935.5, numCrashes < 877.5, numCrashes < 986.5, numCrashes < 848, wind < 14.0950003, Leaf, Leaf, Leaf, Leaf, Leaf, Leaf",6
0.75,13,59.13429194,77.49080212,"wind < 18.9000015, numCrashes < 600.5, numCrashes < 552.5, numCrashes < 599.5, wind < 18.4549999, precip < 0.0450000018, precip < 0.584999979, Leaf, Leaf, Leaf, Leaf, Leaf, Leaf, Leaf, Leaf",8
0.75,14,59.18003535,77.47429916,"numCrashes < 743.5, numCrashes < 738.5, propMentions < 0.0079743294, numCrashes < 734.5, propMentions < 0.00647255965, numCrashes < 749.5, wind < 9.61999989, Leaf, Leaf, Leaf, Leaf, Leaf, Leaf, Leaf, Leaf",8
0.75,15,59.29013746,77.62643015,"wind < 4.58500004, numCrashes < 707, wind < 5.25500011, numCrashes < 599.5, numCrashes < 730, precip < 0.0149999997, numCrashes < 211, Leaf, Leaf, Leaf, Leaf, Leaf, Leaf, Leaf, Leaf",8
0.75,16,59.12589279,77.59814683,"numCrashes < 162.5, numCrashes < 161, numCrashes < 190.5, propMentions < 0.357758611, Leaf, precip < 0.269999981, numCrashes < 385.5, Leaf, Leaf, Leaf, Leaf, Leaf, Leaf",7
0.75,17,59.29891718,77.938425,"numCrashes < 777.5, numCrashes < 773, wind < 10.625, numCrashes < 765.5, precip < 0.0350000001, propMentions < 0.00673591578, propMentions < 0.00271739135, Leaf, Leaf, Leaf, Leaf, Leaf, Leaf, Leaf, Leaf",8
0.75,18,59.34863601,78.04776084,"numCrashes < 935.5, numCrashes < 828, wind < 9.39500046, numCrashes < 817.5, numCrashes < 831.5, Leaf, Leaf, Leaf, Leaf, Leaf, Leaf",6
0.75,19,59.33499563,77.87376751,"wind < 28.2999992, wind < 23.8250008, numCrashes < 654.5, wind < 23.375, wind < 24.4949989, Leaf, numCrashes < 792, Leaf, Leaf, Leaf, Leaf, Leaf, Leaf",7
0.75,20,59.314534,77.82007035,"numCrashes < 244.5, numCrashes < 231.5, numCrashes < 267.5, numCrashes < 171.5, precip < 0.75, wind < 9.05999947, precip < 0.625, Leaf, Leaf, Leaf, Leaf, Leaf, Leaf, Leaf, Leaf",8
0.8,1,113.4564039,135.6970115,"numCrashes < 387.5, propMentions < 0.0226573199, numCrashes < 604.5, Leaf, numCrashes < 245.5, propMentions < 0.0206043962, numCrashes < 681.5, Leaf, Leaf, Leaf, Leaf, Leaf, Leaf",7
0.8,2,62.6206158,80.73188041,"numCrashes < 359.5, numCrashes < 161, numCrashes < 527.5, numCrashes < 130, numCrashes < 310.5, wind < 15.3199997, snow < 0.0500000007, Leaf, Leaf, Leaf, Leaf, Leaf, Leaf, Leaf, Leaf",8
0.8,3,59.78649508,77.71651248,"propMentions < 0.172902107, numCrashes < 801, numCrashes < 684, snow < 5.30000019, snow < 6.75, wind < 4.80999994, numCrashes < 708.5, Leaf, Leaf, Leaf, Leaf, Leaf, Leaf, Leaf, Leaf",8
0.8,4,59.40815284,77.70957735,"propMentions < 0.278673828, wind < 17.3349991, numCrashes < 315.5, numCrashes < 654.5, numCrashes < 716, numCrashes < 313.5, numCrashes < 485.5, Leaf, Leaf, Leaf, Leaf, Leaf, Leaf, Leaf, Leaf",8
0.8,5,59.49112577,78.37018483,"wind < 20.9150009, snow < 2.8499999, wind < 21.5849991, numCrashes < 877.5, precip < 0.829999983, numCrashes < 369, numCrashes < 568.5, Leaf, Leaf, Leaf, Leaf, Leaf, Leaf, Leaf, Leaf",8
0.8,6,59.94229445,79.40260807,"precip < 0.264999986, numCrashes < 942.5, numCrashes < 638.5, numCrashes < 870, Leaf, propMentions < 0.28074038, numCrashes < 775, Leaf, Leaf, Leaf, Leaf, Leaf, Leaf",7
0.8,7,59.31893643,79.02751298,"numCrashes < 245.5, numCrashes < 227.5, numCrashes < 284.5, wind < 8.61000061, wind < 23.1499996, precip < 0.519999981, numCrashes < 387.5, Leaf, Leaf, Leaf, Leaf, Leaf, Leaf, Leaf, Leaf",8
0.8,8,59.5997464,79.40744308,"numCrashes < 497.5, numCrashes < 387.5, propMentions < 0.0115943002, numCrashes < 372.5, wind < 15.9950008, propMentions < 0.0061920099, wind < 13.9799995, Leaf, Leaf, Leaf, Leaf, Leaf, Leaf, Leaf, Leaf",8
0.8,9,59.8595746,79.60872622,"numCrashes < 848, snow < 5.6500001, precip < 0.0799999982, snow < 1.25, snow < 8.85000038, numCrashes < 942.5, numCrashes < 979.5, Leaf, Leaf, Leaf, Leaf, Leaf, Leaf, Leaf, Leaf",8
0.8,10,59.73073785,79.39121468,"precip < 0.425000012, snow < 4.44999981, numCrashes < 170, precip < 0.344999999, numCrashes < 1028.5, numCrashes < 161, numCrashes < 680.5, Leaf, Leaf, Leaf, Leaf, Leaf, Leaf, Leaf, Leaf",8
0.8,11,59.95384701,79.55379925,"snow < 0.649999976, wind < 27.625, precip < 0.0350000001, numCrashes < 654.5, wind < 28.6350002, numCrashes < 528, precip < 1.13, Leaf, Leaf, Leaf, Leaf, Leaf, Leaf, Leaf, Leaf",8
0.8,12,60.09280696,79.74377449,"wind < 4.58500004, numCrashes < 707, wind < 5.25500011, numCrashes < 599.5, numCrashes < 745.5, precip < 0.0149999997, numCrashes < 602.5, Leaf, Leaf, Leaf, Leaf, Leaf, Leaf, Leaf, Leaf",8
0.8,13,60.2008375,79.68868993,"propMentions < 0.0779753774, propMentions < 0.0135440873, numCrashes < 592.5, propMentions < 0.00816340093, propMentions < 0.0147442399, numCrashes < 444.5, numCrashes < 618, Leaf, Leaf, Leaf, Leaf, Leaf, Leaf, Leaf, Leaf",8
0.8,14,60.42370365,80.13897874,"numCrashes < 828, numCrashes < 811.5, numCrashes < 840, numCrashes < 805.5, precip < 0.00499999989, precip < 0.450000018, wind < 8.05500031, Leaf, Leaf, Leaf, Leaf, Leaf, Leaf, Leaf, Leaf",8
0.8,15,60.89898216,80.67069069,"wind < 7.72000027, numCrashes < 699.5, numCrashes < 708.5, numCrashes < 687.5, numCrashes < 732.5, numCrashes < 706.5, snow < 0.0500000007, Leaf, Leaf, Leaf, Leaf, Leaf, Leaf, Leaf, Leaf",8
0.8,16,60.77252389,80.48194615,"numCrashes < 749.5, numCrashes < 743.5, propMentions < 0.0079743294, numCrashes < 738.5, propMentions < 0.00741593493, precip < 1.79499996, propMentions < 0.0101456679, Leaf, Leaf, Leaf, Leaf, Leaf, Leaf, Leaf, Leaf",8
0.8,17,60.63607157,80.12911125,"snow < 10.6000004, snow < 0.649999976, Leaf, numCrashes < 804.5, precip < 0.0350000001, Leaf, Leaf, Leaf, Leaf",5
0.8,18,60.73621406,80.50643664,"numCrashes < 828, propMentions < 0.004454365, snow < 1.3499999, numCrashes < 784, numCrashes < 779, propMentions < 0.00719517237, numCrashes < 889.5, Leaf, Leaf, Leaf, Leaf, Leaf, Leaf, Leaf, Leaf",8
0.8,19,60.85988568,80.57101257,"propMentions < 0.0243014563, propMentions < 0.0167132225, numCrashes < 373.5, propMentions < 0.0153453685, propMentions < 0.0177539662, numCrashes < 372.5, numCrashes < 382, Leaf, Leaf, Leaf, Leaf, Leaf, Leaf, Leaf, Leaf",8
0.8,20,60.94132402,80.55965831,"wind < 4.58500004, numCrashes < 662.5, precip < 2.71999979, wind < 4.14000034, wind < 3.91499996, precip < 2.57999992, wind < 13.8699999, Leaf, Leaf, Leaf, Leaf, Leaf, Leaf, Leaf, Leaf",8
0.85,1,93.51817119,115.2715717,"numCrashes < 387.5, propMentions < 0.0226573199, numCrashes < 604.5, Leaf, numCrashes < 245.5, propMentions < 0.0206043962, numCrashes < 681.5, Leaf, Leaf, Leaf, Leaf, Leaf, Leaf",7
0.85,2,60.22918746,77.94447207,"numCrashes < 338.5, numCrashes < 161, numCrashes < 527.5, numCrashes < 159, numCrashes < 306.5, snow < 5.30000019, snow < 0.0500000007, Leaf, Leaf, Leaf, Leaf, Leaf, Leaf, Leaf, Leaf",8
0.85,3,58.94821802,77.20570553,"propMentions < 0.186773255, numCrashes < 801, numCrashes < 684, wind < 17.3349991, snow < 6.75, numCrashes < 543, numCrashes < 708.5, Leaf, Leaf, Leaf, Leaf, Leaf, Leaf, Leaf, Leaf",8
0.85,4,58.03495477,76.5992896,"propMentions < 0.280409932, numCrashes < 245.5, numCrashes < 315.5, numCrashes < 227.5, numCrashes < 284.5, numCrashes < 313.5, numCrashes < 485.5, Leaf, Leaf, Leaf, Leaf, Leaf, Leaf, Leaf, Leaf",8
0.85,5,58.47619043,77.64072077,"wind < 20.9150009, snow < 2.8499999, wind < 21.5849991, numCrashes < 877.5, precip < 0.829999983, numCrashes < 369, numCrashes < 554, Leaf, Leaf, Leaf, Leaf, Leaf, Leaf, Leaf, Leaf",8
0.85,6,58.94018408,78.07666504,"snow < 5.6500001, wind < 27.625, snow < 6.25, propMentions < 0.004454365, wind < 28.6350002, Leaf, numCrashes < 701.5, Leaf, Leaf, Leaf, Leaf, Leaf, Leaf",7
0.85,7,58.56692058,77.33335414,"wind < 13.3099995, numCrashes < 935.5, propMentions < 0.00449494924, numCrashes < 875, Leaf, numCrashes < 378, numCrashes < 471.5, Leaf, Leaf, Leaf, Leaf, Leaf, Leaf",7
0.85,8,59.15649508,77.75656056,"precip < 0.185000002, numCrashes < 654.5, numCrashes < 699.5, numCrashes < 602.5, propMentions < 0.0018726592, propMentions < 0.358634591, wind < 19.7999992, Leaf, Leaf, Leaf, Leaf, Leaf, Leaf, Leaf, Leaf",8
0.85,9,59.54804207,78.08175174,"numCrashes < 497.5, numCrashes < 387.5, propMentions < 0.0115943002, numCrashes < 369.5, wind < 15.9950008, propMentions < 0.0061920099, wind < 8.38999939, Leaf, Leaf, Leaf, Leaf, Leaf, Leaf, Leaf, Leaf",8
0.85,10,59.75803159,78.4455063,"numCrashes < 699.5, wind < 14.6499996, wind < 4.0250001, numCrashes < 692.5, precip < 1.14999998, Leaf, wind < 18.4549999, Leaf, Leaf, Leaf, Leaf, Leaf, Leaf",7
0.85,11,59.9616174,78.8311448,"snow < 8.85000038, snow < 5.6500001, Leaf, snow < 1.25, precip < 0.284999996, Leaf, Leaf, Leaf, Leaf",5
0.85,12,60.01908587,78.85773834,"wind < 23.8250008, propMentions < 0.515777886, wind < 24.0499992, wind < 23.375, numCrashes < 113.5, Leaf, numCrashes < 407, Leaf, Leaf, Leaf, Leaf, Leaf, Leaf",7
0.85,13,59.97916226,78.62732079,"snow < 0.649999976, numCrashes < 848, precip < 0.0350000001, numCrashes < 828, propMentions < 0.00337837846, numCrashes < 528, precip < 0.584999979, Leaf, Leaf, Leaf, Leaf, Leaf, Leaf, Leaf, Leaf",8
0.85,14,60.04390388,78.6471645,"propMentions < 0.00816340093, propMentions < 0.00754727749, numCrashes < 746, numCrashes < 171, numCrashes < 487.5, numCrashes < 646.5, wind < 10.625, Leaf, Leaf, Leaf, Leaf, Leaf, Leaf, Leaf, Leaf",8
0.85,15,59.83942746,78.55119397,"numCrashes < 602.5, wind < 4.58500004, propMentions < 0.0261221845, wind < 4.14000034, wind < 5.93000031, wind < 6.1500001, numCrashes < 618, Leaf, Leaf, Leaf, Leaf, Leaf, Leaf, Leaf, Leaf",8
0.85,16,59.81844546,78.5103145,"numCrashes < 743.5, numCrashes < 738.5, numCrashes < 749.5, numCrashes < 734.5, propMentions < 0.00647255965, wind < 11.8549995, propMentions < 0.00493961386, Leaf, Leaf, Leaf, Leaf, Leaf, Leaf, Leaf, Leaf",8
0.85,17,59.55432176,78.43895307,"wind < 5.25500011, numCrashes < 527.5, wind < 6.1500001, numCrashes < 287.5, numCrashes < 548, numCrashes < 610, wind < 6.375, Leaf, Leaf, Leaf, Leaf, Leaf, Leaf, Leaf, Leaf",8
0.85,18,59.66893928,78.78172871,"numCrashes < 777.5, numCrashes < 773, wind < 10.625, numCrashes < 758.5, precip < 0.0350000001, propMentions < 0.00673591578, precip < 1.42499995, Leaf, Leaf, Leaf, Leaf, Leaf, Leaf, Leaf, Leaf",8
0.85,19,59.24514648,78.25052883,"numCrashes < 935.5, numCrashes < 689.5, numCrashes < 986.5, numCrashes < 688.5, numCrashes < 692.5, Leaf, numCrashes < 1032, Leaf, Leaf, Leaf, Leaf, Leaf, Leaf",7
0.85,20,59.30028573,78.29384789,"precip < 0.275000006, numCrashes < 811.5, precip < 0.324999988, wind < 7.72000027, numCrashes < 843, wind < 6.5999999, wind < 10.625, Leaf, Leaf, Leaf, Leaf, Leaf, Leaf, Leaf, Leaf",8
0.9,1,76.97303866,97.61367401,"numCrashes < 387.5, propMentions < 0.0226573199, numCrashes < 604.5, Leaf, numCrashes < 245.5, propMentions < 0.0206043962, numCrashes < 681.5, Leaf, Leaf, Leaf, Leaf, Leaf, Leaf",7
0.9,2,60.10513659,78.07086455,"numCrashes < 497.5, numCrashes < 161, snow < 1.5, Leaf, numCrashes < 310.5, numCrashes < 801, numCrashes < 684, Leaf, Leaf, Leaf, Leaf, Leaf, Leaf",7
0.9,3,60.11230871,79.19008966,"snow < 5.30000019, wind < 17.3349991, precip < 0.405000001, numCrashes < 875, numCrashes < 716, numCrashes < 1028.5, numCrashes < 424.5, Leaf, Leaf, Leaf, Leaf, Leaf, Leaf, Leaf, Leaf",8
0.9,4,60.24673548,79.03354333,"numCrashes < 531.5, numCrashes < 387.5, wind < 21.1399994, numCrashes < 369.5, wind < 15.9950008, wind < 11.2950001, propMentions < 0.00238095247, Leaf, Leaf, Leaf, Leaf, Leaf, Leaf, Leaf, Leaf",8
0.9,5,59.70053473,78.71898542,"propMentions < 0.278673828, numCrashes < 245.5, precip < 0.100000001, numCrashes < 227.5, numCrashes < 284.5, precip < 0.0450000018, numCrashes < 170, Leaf, Leaf, Leaf, Leaf, Leaf, Leaf, Leaf, Leaf",8
0.9,6,59.70235729,78.73280607,"propMentions < 0.00519484002, numCrashes < 171, numCrashes < 748.5, numCrashes < 161, snow < 1.25, numCrashes < 649.5, propMentions < 0.0079743294, Leaf, Leaf, Leaf, Leaf, Leaf, Leaf, Leaf, Leaf",8
0.9,7,60.10065547,79.42006682,"precip < 0.264999986, numCrashes < 734.5, numCrashes < 638.5, numCrashes < 602.5, numCrashes < 942.5, propMentions < 0.187060043, snow < 2.95000005, Leaf, Leaf, Leaf, Leaf, Leaf, Leaf, Leaf, Leaf",8
0.9,8,60.57171774,79.920535,"numCrashes < 654.5, numCrashes < 651.5, snow < 0.0500000007, precip < 2.71999979, wind < 15.8799992, numCrashes < 699.5, numCrashes < 811, Leaf, Leaf, Leaf, Leaf, Leaf, Leaf, Leaf, Leaf",8
0.9,9,60.04366876,78.90758348,"numCrashes < 935.5, snow < 5.30000019, numCrashes < 1032, numCrashes < 877.5, numCrashes < 295.5, Leaf, numCrashes < 1113, Leaf, Leaf, Leaf, Leaf, Leaf, Leaf",7
0.9,10,60.07941031,79.08139207,"wind < 27.625, wind < 4.58500004, snow < 4.1500001, numCrashes < 707, wind < 5.25500011, wind < 28.6350002, Leaf, Leaf, Leaf, Leaf, Leaf, Leaf, Leaf",7
0.9,11,60.1949029,79.0901306,"precip < 2.0999999, snow < 3.1500001, wind < 13.8699999, snow < 0.649999976, precip < 1.13, numCrashes < 320, precip < 2.58500004, Leaf, Leaf, Leaf, Leaf, Leaf, Leaf, Leaf, Leaf",8
0.9,12,60.10747092,78.98524298,"wind < 21.5849991, wind < 21.1399994, wind < 21.8100014, snow < 5.30000019, propMentions < 0.00715600047, numCrashes < 522, numCrashes < 683.5, Leaf, Leaf, Leaf, Leaf, Leaf, Leaf, Leaf, Leaf",8
0.9,13,60.31115619,79.1965258,"propMentions < 0.479377091, numCrashes < 377.5, numCrashes < 113.5, numCrashes < 372.5, numCrashes < 403.5, numCrashes < 100, numCrashes < 198, Leaf, Leaf, Leaf, Leaf, Leaf, Leaf, Leaf, Leaf",8
0.9,14,60.55770376,79.50949165,"propMentions < 0.172902107, numCrashes < 435.5, numCrashes < 708.5, precip < 0.665000021, numCrashes < 448.5, numCrashes < 634.5, numCrashes < 744.5, Leaf, Leaf, Leaf, Leaf, Leaf, Leaf, Leaf, Leaf",8
0.9,15,60.79858596,79.54801487,"precip < 0.425000012, snow < 3.6500001, wind < 10.8500004, precip < 0.344999999, numCrashes < 453.5, numCrashes < 751.5, numCrashes < 794, Leaf, Leaf, Leaf, Leaf, Leaf, Leaf, Leaf, Leaf",8
0.9,16,60.83366291,79.74215692,"precip < 1.22500002, precip < 1.11500001, numCrashes < 568, snow < 6.75, wind < 6.93500042, precip < 1.25, wind < 18.3450012, Leaf, Leaf, Leaf, Leaf, Leaf, Leaf, Leaf, Leaf",8
0.9,17,60.87663203,79.80913483,"snow < 1.25, snow < 0.649999976, wind < 7.04500008, propMentions < 0.00941181742, precip < 0.0350000001, precip < 0.170000002, numCrashes < 236, Leaf, Leaf, Leaf, Leaf, Leaf, Leaf, Leaf, Leaf",8
0.9,18,60.9065399,79.81605115,"numCrashes < 743.5, numCrashes < 738.5, numCrashes < 749.5, numCrashes < 734.5, propMentions < 0.00671897549, wind < 11.8549995, wind < 7.72000027, Leaf, Leaf, Leaf, Leaf, Leaf, Leaf, Leaf, Leaf",8
0.9,19,60.94441935,79.9921242,"numCrashes < 828, numCrashes < 822.5, precip < 0.795000017, numCrashes < 471.5, Leaf, precip < 0.355000019, precip < 1, Leaf, Leaf, Leaf, Leaf, Leaf, Leaf",7
0.9,20,61.02232757,80.05326754,"wind < 2.46000004, Leaf, wind < 3.46999979, numCrashes < 599.5, precip < 0.194999993, Leaf, Leaf, Leaf, Leaf",5
0.95,1,65.68164611,84.47689486,"numCrashes < 387.5, propMentions < 0.0226573199, numCrashes < 604.5, Leaf, numCrashes < 245.5, propMentions < 0.0206043962, numCrashes < 681.5, Leaf, Leaf, Leaf, Leaf, Leaf, Leaf",7
0.95,2,59.25280296,76.82003741,"propMentions < 0.172902107, numCrashes < 527.5, numCrashes < 161, numCrashes < 387.5, snow < 1.5, Leaf, numCrashes < 684, Leaf, Leaf, Leaf, Leaf, Leaf, Leaf",7
0.95,3,59.3058318,77.46839865,"numCrashes < 801, snow < 5.30000019, snow < 6.75, wind < 17.3349991, numCrashes < 435, snow < 1.3499999, Leaf, Leaf, Leaf, Leaf, Leaf, Leaf, Leaf",7
0.95,4,58.22354951,76.72794154,"numCrashes < 306.5, numCrashes < 245.5, numCrashes < 602.5, propMentions < 0.306656003, numCrashes < 284.5, propMentions < 0.00416673906, snow < 0.0500000007, Leaf, Leaf, Leaf, Leaf, Leaf, Leaf, Leaf, Leaf",8
0.95,5,58.93762284,77.56651778,"wind < 20.9150009, precip < 0.275000006, wind < 21.5849991, numCrashes < 870, wind < 19.5750008, numCrashes < 369, propMentions < 0.00289017335, Leaf, Leaf, Leaf, Leaf, Leaf, Leaf, Leaf, Leaf",8
0.95,6,59.22372085,77.80370312,"numCrashes < 497.5, numCrashes < 387.5, propMentions < 0.0115943002, numCrashes < 368.5, wind < 15.9950008, propMentions < 0.0061920099, propMentions < 0.0135440873, Leaf, Leaf, Leaf, Leaf, Leaf, Leaf, Leaf, Leaf",8
0.95,7,59.0038871,77.66453291,"propMentions < 0.176263466, numCrashes < 401, numCrashes < 634.5, numCrashes < 377.5, numCrashes < 427.5, numCrashes < 617.5, numCrashes < 708.5, Leaf, Leaf, Leaf, Leaf, Leaf, Leaf, Leaf, Leaf",8
0.95,8,59.460597,78.08589014,"numCrashes < 699.5, numCrashes < 654.5, wind < 18.4549999, numCrashes < 608.5, wind < 9.51000023, wind < 4.0250001, wind < 22.7049999, Leaf, Leaf, Leaf, Leaf, Leaf, Leaf, Leaf, Leaf",8
0.95,9,59.58242264,78.16255165,"wind < 18.9000015, snow < 3.1500001, numCrashes < 552.5, numCrashes < 942.5, numCrashes < 500.5, precip < 0.0249999985, propMentions < 0.00542487483, Leaf, Leaf, Leaf, Leaf, Leaf, Leaf, Leaf, Leaf",8
0.95,10,59.30256758,78.02761858,"wind < 28.2999992, numCrashes < 227.5, numCrashes < 600.5, numCrashes < 162.5, numCrashes < 244.5, numCrashes < 450.5, Leaf, Leaf, Leaf, Leaf, Leaf, Leaf, Leaf",7
0.95,11,59.44897709,78.29911156,"precip < 2.71999979, precip < 2.00500011, wind < 13.8699999, numCrashes < 828, numCrashes < 561, numCrashes < 557, precip < 2.86999989, Leaf, Leaf, Leaf, Leaf, Leaf, Leaf, Leaf, Leaf",8
0.95,12,59.63920601,78.92821674,"numCrashes < 840, numCrashes < 828, precip < 0.0799999982, numCrashes < 822.5, precip < 0.180000007, numCrashes < 942.5, numCrashes < 979.5, Leaf, Leaf, Leaf, Leaf, Leaf, Leaf, Leaf, Leaf",8
0.95,13,59.76889384,79.16181483,"propMentions < 0.515777886, wind < 4.58500004, numCrashes < 113.5, numCrashes < 174, wind < 5.25500011, Leaf, Leaf, Leaf, Leaf, Leaf, Leaf",6
0.95,14,59.70938454,79.14773374,"wind < 23.8250008, wind < 23.375, wind < 24.0499992, snow < 5.6500001, precip < 0.0199999996, Leaf, precip < 1.73500001, Leaf, Leaf, Leaf, Leaf, Leaf, Leaf",7
0.95,15,59.6720364,79.08058899,"snow < 8.10000038, snow < 6.85000038, precip < 0.659999967, wind < 16.6650009, Leaf, Leaf, wind < 21.0250015, Leaf, Leaf, Leaf, Leaf",6
0.95,16,59.65931861,79.11184162,"numCrashes < 672.5, numCrashes < 668.5, numCrashes < 679.5, precip < 0.185000002, propMentions < 0.00331125828, precip < 0.0149999997, precip < 0.344999999, Leaf, Leaf, Leaf, Leaf, Leaf, Leaf, Leaf, Leaf",8
0.95,17,59.50563602,79.08670074,"precip < 0.0549999997, snow < 0.899999976, wind < 6.1500001, snow < 0.150000006, numCrashes < 624.5, numCrashes < 603, numCrashes < 794.5, Leaf, Leaf, Leaf, Leaf, Leaf, Leaf, Leaf, Leaf",8
0.95,18,59.42922384,78.8918927,"numCrashes < 811.5, numCrashes < 805.5, precip < 1.10000002, numCrashes < 804.5, precip < 0.0649999976, propMentions < 0.00682665408, numCrashes < 851.5, Leaf, Leaf, Leaf, Leaf, Leaf, Leaf, Leaf, Leaf",8
0.95,19,59.80224643,79.21442408,"wind < 11.5200005, numCrashes < 732.5, numCrashes < 540.5, snow < 0.25, propMentions < 0.00760467257, numCrashes < 331.5, numCrashes < 543.5, Leaf, Leaf, Leaf, Leaf, Leaf, Leaf, Leaf, Leaf",8
0.95,20,59.79783664,79.35213881,"snow < 1.25, snow < 0.649999976, precip < 0.61500001, wind < 18.9000015, numCrashes < 615.5, propMentions < 0.00632935204, snow < 6.25, Leaf, Leaf, Leaf, Leaf, Leaf, Leaf, Leaf, Leaf",8
1,1,60.62365302,78.17476158,"numCrashes < 387.5, propMentions < 0.0226573199, numCrashes < 604.5, Leaf, numCrashes < 245.5, propMentions < 0.0206043962, numCrashes < 681.5, Leaf, Leaf, Leaf, Leaf, Leaf, Leaf",7
1,2,59.5920288,77.48527493,"propMentions < 0.244599849, propMentions < 0.004454365, numCrashes < 684, numCrashes < 502.5, numCrashes < 306.5, numCrashes < 161, numCrashes < 708.5, Leaf, Leaf, Leaf, Leaf, Leaf, Leaf, Leaf, Leaf",8
1,3,58.26996203,76.86382973,"numCrashes < 245.5, propMentions < 0.306656003, numCrashes < 284.5, numCrashes < 227.5, numCrashes < 155.5, precip < 0.519999981, wind < 17.3349991, Leaf, Leaf, Leaf, Leaf, Leaf, Leaf, Leaf, Leaf",8
1,4,58.61192359,77.24799408,"numCrashes < 602.5, precip < 0.63499999, snow < 0.0500000007, numCrashes < 531.5, snow < 4.69999981, numCrashes < 801, numCrashes < 811, Leaf, Leaf, Leaf, Leaf, Leaf, Leaf, Leaf, Leaf",8
1,5,58.05260584,75.85151639,"numCrashes < 387.5, numCrashes < 359.5, propMentions < 0.00928079244, propMentions < 0.00316455704, snow < 0.150000006, wind < 20.9150009, numCrashes < 422, Leaf, Leaf, Leaf, Leaf, Leaf, Leaf, Leaf, Leaf",8
1,6,59.50592939,78.56972055,"snow < 2.8499999, numCrashes < 877.5, precip < 0.425000012, wind < 27.625, wind < 12.5249996, wind < 7.82499981, numCrashes < 437.5, Leaf, Leaf, Leaf, Leaf, Leaf, Leaf, Leaf, Leaf",8
1,7,58.62533817,76.78248751,"numCrashes < 935.5, snow < 5.30000019, wind < 12.5249996, snow < 4.4000001, snow < 8.10000038, Leaf, precip < 0.620000005, Leaf, Leaf, Leaf, Leaf, Leaf, Leaf",7
1,8,58.97106843,77.60258406,"numCrashes < 638.5, precip < 0.185000002, precip < 0.145000011, wind < 22.4799995, numCrashes < 598.5, numCrashes < 689.5, wind < 19.5750008, Leaf, Leaf, Leaf, Leaf, Leaf, Leaf, Leaf, Leaf",8
1,9,59.25677287,78.32499255,"wind < 21.1399994, wind < 11.5200005, numCrashes < 527.5, precip < 0.574999988, numCrashes < 793.5, numCrashes < 429.5, propMentions < 0.00238095247, Leaf, Leaf, Leaf, Leaf, Leaf, Leaf, Leaf, Leaf",8
1,10,59.03777753,78.13848165,"numCrashes < 608.5, wind < 4.58500004, propMentions < 0.0261221845, wind < 4.14000034, wind < 5.93000031, wind < 6.1500001, Leaf, Leaf, Leaf, Leaf, Leaf, Leaf, Leaf",7
1,11,59.70434059,79.09926657,"numCrashes < 654.5, numCrashes < 651.5, wind < 11.9699993, precip < 2.71999979, wind < 15.8799992, propMentions < 0.0018726592, numCrashes < 660.5, Leaf, Leaf, Leaf, Leaf, Leaf, Leaf, Leaf, Leaf",8
1,12,59.84949121,79.52795245,"wind < 11.0699997, numCrashes < 764.5, wind < 11.2950001, numCrashes < 740.5, propMentions < 0.0079743294, numCrashes < 523.5, wind < 21.5849991, Leaf, Leaf, Leaf, Leaf, Leaf, Leaf, Leaf, Leaf",8
1,13,60.35707633,80.16265294,"numCrashes < 435.5, numCrashes < 403.5, numCrashes < 448.5, numCrashes < 388.5, precip < 0.0249999985, wind < 7.26999998, propMentions < 0.0167132225, Leaf, Leaf, Leaf, Leaf, Leaf, Leaf, Leaf, Leaf",8
1,14,60.3006947,80.09629953,"wind < 23.8250008, wind < 23.375, wind < 24.0499992, propMentions < 0.163863763, precip < 0.0199999996, Leaf, numCrashes < 271.5, Leaf, Leaf, Leaf, Leaf, Leaf, Leaf",7
1,15,60.79216475,80.49788757,"precip < 0.264999986, snow < 6.8499999, precip < 0.344999999, numCrashes < 870, Leaf, numCrashes < 547.5, precip < 0.425000012, Leaf, Leaf, Leaf, Leaf, Leaf, Leaf",7
1,16,60.88532558,80.66198667,"precip < 1.22500002, precip < 1.17499995, wind < 6.5999999, snow < 1.25, wind < 7.15500021, numCrashes < 673, precip < 1.255, Leaf, Leaf, Leaf, Leaf, Leaf, Leaf, Leaf, Leaf",8
1,17,60.60794141,80.21592386,"snow < 3.30000019, snow < 3.1500001, precip < 0.370000005, numCrashes < 942.5, Leaf, snow < 4.30000019, wind < 12.6399994, Leaf, Leaf, Leaf, Leaf, Leaf, Leaf",7
1,18,60.75190094,80.55292634,"numCrashes < 828, numCrashes < 817.5, wind < 8.05500031, wind < 24.4949989, precip < 0.344999999, Leaf, precip < 0.795000017, Leaf, Leaf, Leaf, Leaf, Leaf, Leaf",7
1,19,61.57006849,81.02557077,"wind < 18.9000015, wind < 18.4549999, numCrashes < 565, wind < 5.25500011, numCrashes < 719.5, numCrashes < 535.5, numCrashes < 579, Leaf, Leaf, Leaf, Leaf, Leaf, Leaf, Leaf, Leaf",8
1,20,61.84929711,81.92900764,"numCrashes < 762.5, numCrashes < 755.5, wind < 10.625, numCrashes < 699.5, wind < 11.4050007, wind < 10.3999996, wind < 12.1900005, Leaf, Leaf, Leaf, Leaf, Leaf, Leaf, Leaf, Leaf",8